നീയാരാണ്?	Smalltalk.agent.acquaintance
ആരാണ് നീ?	Smalltalk.agent.acquaintance
ആരാണുനീ?	Smalltalk.agent.acquaintance
നീയാരാണ്?	Smalltalk.agent.acquaintance
നീയാരാ?	Smalltalk.agent.acquaintance
എന്താണുനീ?	Smalltalk.agent.acquaintance
നീയെന്താണ്?	Smalltalk.agent.acquaintance
നീയാരാണെന്നു പറയാമോ?	Smalltalk.agent.acquaintance
നീയെന്താണെന്നു പറയൂ	Smalltalk.agent.acquaintance
നീ ആരാണെന്ന് പറയൂ	Smalltalk.agent.acquaintance
നീയാരാണെന്നുപറയൂ	Smalltalk.agent.acquaintance
ദയവായി നിന്നെപ്പറ്റി സംസാരിക്കൂ	Smalltalk.agent.acquaintance
നിന്നെപ്പറ്റി പറയാമോ?	Smalltalk.agent.acquaintance
നിന്നെപ്പറ്റിപ്പറ	Smalltalk.agent.acquaintance
നിന്നെപറ്റി സംസാരിക്ക്.	Smalltalk.agent.acquaintance
നിന്നെപറ്റി എന്നോട് സംസാരിക്ക്	Smalltalk.agent.acquaintance
നിന്നെപറ്റി പറ	Smalltalk.agent.acquaintance
നീ നിന്നെപറ്റി പറ	Smalltalk.agent.acquaintance
നിന്നെപറ്റി പറ, കേള്‍ക്കട്ടെ.	Smalltalk.agent.acquaintance
നിന്നെപറ്റിപറയൂ	Smalltalk.agent.acquaintance
പറയൂ നിന്നെപ്പറ്റി	Smalltalk.agent.acquaintance
ദയവായി നിന്നെപ്പറ്റി പറയാമോ?	Smalltalk.agent.acquaintance
ദയവായി നിന്നെപറ്റി സംസാരിക്കൂ	Smalltalk.agent.acquaintance
നിന്നെപറ്റി വിശദീകരിക്കാമോ?	Smalltalk.agent.acquaintance
നിന്നെപറ്റി എന്നോട് പറയൂ	Smalltalk.agent.acquaintance
എന്നോട് നിന്നെപറ്റി പറയൂ	Smalltalk.agent.acquaintance
നീ സ്വയം പരിചയപ്പെടുത്തൂ	Smalltalk.agent.acquaintance
നിന്റെ സ്വഭാവം എന്താണ്?	Smalltalk.agent.acquaintance
എന്താണുനിന്റെസ്വഭാവം?	Smalltalk.agent.acquaintance
നിന്റെ സ്വഭാവമെന്താകുന്നു?	Smalltalk.agent.acquaintance
നിന്റെ സ്വഭാവമെന്ത്?	Smalltalk.agent.acquaintance
നീ എന്താകുന്നു?	Smalltalk.agent.acquaintance
നിന്നെ എനിക്ക് പരിചയപ്പെടുത്തൂ..	Smalltalk.agent.acquaintance
സ്വയമൊന്നു പരിചയപ്പെടുത്താമോ?	Smalltalk.agent.acquaintance
ദയവായി ഒന്നു പരിചയപ്പെടുത്താമോ?	Smalltalk.agent.acquaintance
നിന്നെപറ്റി ഒന്നു വിശദീകരിക്കൂ..	Smalltalk.agent.acquaintance
സ്വവയം ഒന്നുവിശദീകരിക്കൂ	Smalltalk.agent.acquaintance
എന്നോട് നിന്നെപറ്റി പറയൂ	Smalltalk.agent.acquaintance
നിന്നെപറ്റി എന്നൊട് പറയൂ	Smalltalk.agent.acquaintance
ദയവായി നിന്നെപറ്റി എന്നൊട് സംസാരിക്കൂ	Smalltalk.agent.acquaintance
നിന്നെപറ്റി എനിക്ക് അറിയണം	Smalltalk.agent.acquaintance
നിനക്ക് സ്വയം ഒന്നു വിശേഷിപ്പിക്കാമോ?	Smalltalk.agent.acquaintance
സ്വയം ഒന്നു വിശേഷിപ്പിച്ചേ	Smalltalk.agent.acquaintance
നിന്നെപെറ്റി കൂടുതല്‍ എനിക്കറിയണം	Smalltalk.agent.acquaintance
നിന്നെപറ്റി എനിക്കറിയണം	Smalltalk.agent.acquaintance
കൂടുതല്‍ കാര്യങ്ങള്‍ എനിക്കറിയണം	Smalltalk.agent.acquaintance
എനിക്ക് നിന്നെപറ്റി കൂടുതലറിയണം	Smalltalk.agent.acquaintance
നിന്നെപറ്റി കൂടുതലറിയാന്‍ കഴിയുമോ?	Smalltalk.agent.acquaintance
നിന്നെപറ്റി നന്നായറിയാന്‍ കഴിയുമൊ?	Smalltalk.agent.acquaintance
നിന്നെ പറ്റി നന്നായി അറിയണമായിരുന്നു.	Smalltalk.agent.acquaintance
നിന്നെപറ്റി എനിക്ക് അറിയണമായിരുന്നു.	Smalltalk.agent.acquaintance
എനിക്ക് നിന്നെപെറ്റി കൂടുതലറിയണമായിരുന്നു.	Smalltalk.agent.acquaintance
നിന്നെപറ്റി ഞാന്‍ കേള്‍ക്കട്ടെ	Smalltalk.agent.acquaintance
നിന്നെപറ്റി കേള്‍ക്കട്ടെ	Smalltalk.agent.acquaintance
എന്താണ് നിന്റെ ജോലി	Smalltalk.agent.acquaintance
നിന്റെ ജോലിയെന്താണ്?	Smalltalk.agent.acquaintance
എന്തുജോലിയാണ് നിന്റെ?	Smalltalk.agent.acquaintance
നീയെന്താണ് ചെയ്യുന്നത്?	Smalltalk.agent.acquaintance
നീയെന്തുചെയ്യുന്നു?	Smalltalk.agent.acquaintance
എന്തുചെയ്യുന്നു?	Smalltalk.agent.acquaintance
എന്തു ചെയ്യുന്നു?	Smalltalk.agent.acquaintance
നിനക്കെത്റ വയസായി?	smalltalk.agent.age
എത്ര വയസുണ്ട് നിനക്ക്?	smalltalk.agent.age
നികക്കെത്ര വയസായി?	smalltalk.agent.age
നിന്റെ പ്രായം എത്രയാണ്?	smalltalk.agent.age
എന്തു പ്രായമുണ്ടുനിനക്ക്?	smalltalk.agent.age
എന്തുപ്രായമുണ്ടുനിനക്ക്?	smalltalk.agent.age
എന്ത്പ്രായമുണ്ട് നിനക്ക്?	smalltalk.agent.age
എത്രവയസുണ്ടുനിനക്ക്?	smalltalk.agent.age
എത്രവയസുണ്ട് നിനക്ക്?	smalltalk.agent.age
നിനക്കെന്തുപ്രായമായി?	smalltalk.agent.age
നിനക്ക് എന്തുപ്രായമായി?	smalltalk.agent.age
എന്തോരം വയസുന്റ് നിനക്ക്?	smalltalk.agent.age
എത്രവയസ്സായി?	smalltalk.agent.age
എന്ത് വയസായി?	smalltalk.agent.age
പ്രായം എത്രയായി?	smalltalk.agent.age
നിനക്കിപ്പോ എത്ര വയസായി?	smalltalk.agent.age
എത്നുവയസുണ്ട് നിനക്കിപ്പൊ?	smalltalk.agent.age
നിനക്കിപ്പൊ 21 വയസാണോ?	smalltalk.agent.age
നിനക്ക് 10 വയസാണോ?	smalltalk.agent.age
നീ കുട്ടിയാണോ?	smalltalk.agent.age
നീ ചെറുപ്പമാണോ?	smalltalk.agent.age
നീ ചെരുപ്പക്കാരിയാണോ?	smalltalk.agent.age
നീ ചെറുപ്പക്കാരനാണോ?	smalltalk.agent.age
പ്രായമായൊ?	smalltalk.agent.age
ചെറുപ്പമാണോ?	smalltalk.agent.age
കുട്ടിയാണോ?	smalltalk.agent.age
ചെറിയ കുട്ടിയാണല്ലേ?	smalltalk.agent.age
പിഞ്ചുകുഞ്ഞ് ആണല്ലേ?	smalltalk.agent.age
പിഞ്ചുകുഞ്ഞാണല്ലേ?	smalltalk.agent.age
നിനക്ക് 12 വയസായോ?	smalltalk.agent.age
നിനക്ക് 13 വയസാണോ?	smalltalk.agent.age
നിന്റെ വയസെത്രയാ?	smalltalk.agent.age
നിന്റെ വയസു പറയാമോ?	smalltalk.agent.age
എന്നോട് നിനക്കെത്ര വയസുണ്ടെന്നു പറയാമോ?	smalltalk.agent.age
നിനക്കെത്ര വയസുണ്ട് എന്നു പറയൂ	smalltalk.agent.age
നിന്റെ വയസ്സ്	smalltalk.agent.age
നിന്റെ പ്രായം	smalltalk.agent.age
വയസ്സ്?	smalltalk.agent.age
പ്രായം?	smalltalk.agent.age
നിന്റെവയസ്സ് പറ	smalltalk.agent.age
നിന്റെ വയസ്സ് പറ	smalltalk.agent.age
വയസ്സ് പറ	smalltalk.agent.age
വയസ് പറ	smalltalk.agent.age
പറ വയസ്സ്	smalltalk.agent.age
പ്രായം പറ	smalltalk.agent.age
പ്രായം പറയൂ	smalltalk.agent.age
നീ വലിയൊരു ശല്യമാണ്	smalltalk.agent.annoying
നിന്നെക്കൊണ്ട് എനിക്ക് ശല്യമാണല്ലോ?	smalltalk.agent.annoying
എന്തൊരു ശല്യമാണ്.	smalltalk.agent.annoying
ശല്യം.	smalltalk.agent.annoying
പണ്ടാരം.	smalltalk.agent.annoying
ശല്യം	smalltalk.agent.annoying
ഹോ ശല്യം	smalltalk.agent.annoying
ഓ ശല്യം	smalltalk.agent.annoying
ഓ പണ്ടാരം	smalltalk.agent.annoying
എനിക്ക് നീയൊരു ബുചിമുട്ടാണ്.	smalltalk.agent.annoying
നിന്നെക്കൊണ്ട് വല്യ ബുധിമുട്ടാണ്.	smalltalk.agent.annoying
ഒന്നു ശല്യപ്പെടുത്താതിരിക്കുമോ?	smalltalk.agent.annoying
എന്നെയൊന്നു വെറുതേ വിടുമോ?	smalltalk.agent.annoying
പ്ലീസ് ശല്യപ്പെടുത്തല്ലേ	smalltalk.agent.annoying
പ്ലീസ് ഉപദ്രവിക്കരുത്.	smalltalk.agent.annoying
ഉപദ്രവിക്കല്ലേ പ്ലീസ്.	smalltalk.agent.annoying
ശല്യമുണ്ടാക്കരുത്.	smalltalk.agent.annoying
ദയവായി ശല്യപ്പെടുത്തരുത്	smalltalk.agent.annoying
ദയവായി ഉപദ്രവിക്കരുത്	smalltalk.agent.annoying
ദയവായി ഉപദ്രവമുണ്ടാക്കരുത്	smalltalk.agent.annoying
പ്ലീസ് ശല്യപ്പെടുത്താതെ പോ	smalltalk.agent.annoying
പോ ശല്യം	smalltalk.agent.annoying
നാശം	smalltalk.agent.annoying
പോ നാശം	smalltalk.agent.annoying
പോ മാരണം	smalltalk.agent.annoying
എന്തൊരു ശല്യമാണ്?	smalltalk.agent.annoying
എന്തു ഉപദ്രവമാണ്	smalltalk.agent.annoying
നിന്നെക്കൊണ്ടിപ്പോ എനിക്ക് ഉപദ്രവമാണ്	smalltalk.agent.annoying
നിന്നെക്കൊണ്ടുള്ള ശല്യം എനിക്ക് സഹിക്കാന്‍ പറ്റ്ന്നില്ല	smalltalk.agent.annoying
നിന്റെ ഉപദ്രവം സഹിക്കാനാവുന്നില്ല	smalltalk.agent.annoying
ശല്യം സഹിക്കാനാകുന്നില്ല	smalltalk.agent.annoying
എന്തെങ്കിലും പറ	smalltalk.agent.answer_my_question
ഉത്തരം പറ	smalltalk.agent.answer_my_question
ഇതിന്റെ ഉത്തരം എന്താണ്?	smalltalk.agent.answer_my_question
എന്താണിതിന്റെ ഉത്തരം?	smalltalk.agent.answer_my_question
ഉത്തരം കിട്ടിയില്ല.	smalltalk.agent.answer_my_question
ഉത്തരമൊന്നും കിട്ടിയില്ല.	smalltalk.agent.answer_my_question
ഇതിന്റെയുത്തരമെന്താണു?	smalltalk.agent.answer_my_question
എന്താണിതിന്റെയുത്തരമ്?	smalltalk.agent.answer_my_question
ഉത്തരം പറയൂ..	smalltalk.agent.answer_my_question
പ്ലീസ് ഉത്തരം പറയൂ	smalltalk.agent.answer_my_question
ദയവായി ഉത്തരം പറയൂ	smalltalk.agent.answer_my_question
ഉത്തരം നല്കൂ	smalltalk.agent.answer_my_question
ഉത്തരം തരൂ	smalltalk.agent.answer_my_question
ഇതിനുത്തരം തരൂ	smalltalk.agent.answer_my_question
ഇതിന്റെയുത്തരമ് എന്താകുന്നു?	smalltalk.agent.answer_my_question
എന്താണിതിന്റെയുത്തരം?	smalltalk.agent.answer_my_question
ഉത്തരം ഇതുവരെ ഒന്നും കിട്ടിയില്ല.	smalltalk.agent.answer_my_question
ഉത്തരമ് കിട്ടിയില്ലേ..	smalltalk.agent.answer_my_question
എനിക്കുത്തരം വേണം	smalltalk.agent.answer_my_question
എന്താ? ഉത്തരമൊന്നുമില്ലേ?	smalltalk.agent.answer_my_question
എന്തുപറ്റി? ഒന്നും പറയാനില്ലെ?	smalltalk.agent.answer_my_question
ഉത്തരം പറയൂ	smalltalk.agent.answer_my_question
ഉത്തരം പറയൂ പ്ലീസ്.	smalltalk.agent.answer_my_question
എന്നോടുത്തരം പരയില്ലേ?	smalltalk.agent.answer_my_question
എന്നോടുത്തരം പറയൂ	smalltalk.agent.answer_my_question
ചോദ്യത്തിനുള്ള ഉത്തരം പറയൂ	smalltalk.agent.answer_my_question
ചോദ്യം ഉത്തരം ചെയ്യൂ	smalltalk.agent.answer_my_question
ഉത്തരമെവിടെ?	smalltalk.agent.answer_my_question
എവിടെയുത്തരം?	smalltalk.agent.answer_my_question
എവിടെ ഉത്തരം?	smalltalk.agent.answer_my_question
ഉത്തരമില്ലേ?	smalltalk.agent.answer_my_question
ഇതിനുത്തരം പരയാമോ?	smalltalk.agent.answer_my_question
എന്റെ ചോദ്യത്തിനുള്ള ഉത്തരം പറയാമോ?	smalltalk.agent.answer_my_question
എന്റെ ചോദ്യം ഉത്തരമ് നല്കാമോ?	smalltalk.agent.answer_my_question
എനിക്കൊരു ചോദ്യമുണ്ട്	smalltalk.agent.answer_my_question
എനിക്കൊരു ചോദ്യമം ചോദിക്കാനുണ്ട്.	smalltalk.agent.answer_my_question
ഞാനൊരു ചോദ്യം ചോദിക്കട്ടേ?	smalltalk.agent.answer_my_question
ഞാനൊരു ചോദ്യം ചോദിച്ചല്‍ അതിനുത്തരം തരുമോ?	smalltalk.agent.answer_my_question
എന്റെ ഒരു ചോദ്യത്തിനുത്തരം പറയുമോ?	smalltalk.agent.answer_my_question
എന്റെ ചോദ്യത്തിന് ഉത്തരം നല്കുമോ?	smalltalk.agent.answer_my_question
നീ എന്റെ ഒരു ചോദ്യത്തിനുത്തരം നല്കണം	smalltalk.agent.answer_my_question
എന്റെ ചോദ്യത്തിനു നീ ഉത്തരമ് താ.	smalltalk.agent.answer_my_question
ഈ ചോദ്യത്തിനുള്ള ഉത്തരം നല്കൂ..	smalltalk.agent.answer_my_question
ഉത്തരം	smalltalk.agent.answer_my_question
ഉത്തരമെവിടെ?	smalltalk.agent.answer_my_question
എവിടെയുത്തരം?	smalltalk.agent.answer_my_question
എനിക്കിപ്പോത്തന്നെ ഇതിനുത്തരം വേണം	smalltalk.agent.answer_my_question
ഇപ്പോള്‍ത്തന്നെ ഉത്തരം നല്കൂ	smalltalk.agent.answer_my_question
നിന്നെക്കൊണ്ട് ഒരുപകാരവുമില്ല	smalltalk.agent.bad
നിന്നെക്കൊണ്ടൊരുപകാരവുമില്ല	smalltalk.agent.bad
നിന്നെക്കൊണ്ടെനിക്കൊരുപകാരവുമില്ല	smalltalk.agent.bad
നിന്നെക്കൊണ്ട് എനിക്ക് ഒരു ഉപകാരവുമില്ല	smalltalk.agent.bad
നിന്നെക്കൊണ്ട് എനിക്കൊരുപകാരവും ഇല്ല	smalltalk.agent.bad
നിനക്കൊണ്ട് ഒരു ഗുണവുമില്ല	smalltalk.agent.bad
നിന്നെക്കൊണ്ടൊരു ഗുണവുമില്ല	smalltalk.agent.bad
നിന്നെക്കൊണ്ടൊരുഗുണവുമില്ല	smalltalk.agent.bad
നീ വെറും വേസ്റ്റാണ്	smalltalk.agent.bad
നീ ഒരു വേസ്റ്റ്	smalltalk.agent.bad
നീ ഒരു വേസ്റ്റ്ആണ്.	smalltalk.agent.bad
നീ ഒരു മോശം ആണ്	smalltalk.agent.bad
വളരെ മോശമാണു നീ	smalltalk.agent.bad
വളരെ മോശമാണുനീ	smalltalk.agent.bad
നീ വെറും മോശം	smalltalk.agent.bad
നീ വെറും മോശം തന്നെ	smalltalk.agent.bad
എന്തു മോശമാണ് നീ	smalltalk.agent.bad
നീ വളരെ വളരെ മോശമാണ്	smalltalk.agent.bad
നിന്നെക്കൊണ്ട് ഒരു ഉപയോഗവും ഇല്ല	smalltalk.agent.bad
നിന്നെ എന്തുനു കൊള്ളാം?	smalltalk.agent.bad
നിന്നെ എന്തിനുകൊള്ളാം?	smalltalk.agent.bad
നിന്നെ എന്തിനു കൊള്ളാം	smalltalk.agent.bad
നിന്നെ ഒന്നിനും കൊള്ളില്ല	smalltalk.agent.bad
നിന്നെ ഒരു കാശിനും കൊള്ളില്ല	smalltalk.agent.bad
നീ വളരെ മോശം	smalltalk.agent.bad
വളരെ മോശം	smalltalk.agent.bad
നീ വെറും ചവറാണ്	smalltalk.agent.bad
നീ ചവറാണ്	smalltalk.agent.bad
നിന്നെക്കൊണ്ട് യാതൊരു ഉപകാരവും ഞാന്‍ കാണുന്നില്ല	smalltalk.agent.bad
നിന്നെക്കൊണ്ട് യാതൊരു ഉപയോഗവും ഞാന്‍ കാണുന്നില്ല	smalltalk.agent.bad
നിന്നില്‍ ഞാനൊരു ഗുണവും കാണുന്നില്ല	smalltalk.agent.bad
നിനക്ക് യാതൊരു കഴിവും ഞാന്‍ കാണുന്നില്ല	smalltalk.agent.bad
നിനക്ക് ഒരു കഴിവും ഇല്ല	smalltalk.agent.bad
നിനക്കൊരു കഴിവും ഇല്ല	smalltalk.agent.bad
നിനക്കൊട്ടും കഴിവുല്ല	smalltalk.agent.bad
നിനക്കൊരുകഴിവുമില്ല	smalltalk.agent.bad
നീയൊരു സമയം വേസ്റ്റ്ആണ്.	smalltalk.agent.bad
നീ വെറും വ്രിത്തികെട്ടവനാണ്.	smalltalk.agent.bad
നീ വെറും വ്രിത്തികെട്ടവളാണ്.	smalltalk.agent.bad
വ്രിത്തികെട്ടവന്‍	smalltalk.agent.bad
വ്രിത്തികെട്ടവള്‍	smalltalk.agent.bad
നിന്നില്‍ നന്മ ഒന്നുമില്ല	smalltalk.agent.bad
നിന്നില്‍ നല്ലതൊന്നുമില്ല	smalltalk.agent.bad
നിന്നെപ്പറ്റി എനിക്ക് നല്ലതൊന്നും പറയാനില്ല	smalltalk.agent.bad
നീയത്രയ്ക്ക് നല്ലതൊന്നുമല്ല	smalltalk.agent.bad
നീ ഒരു കൊള്ളാത്തവന്‍ ആണ്	smalltalk.agent.bad
നീ ഒരു കൊള്ളൂല്ലാത്തവള്‍ ആണ്	smalltalk.agent.bad
നന്നാവ്	smalltalk.agent.be_clever
പഠിക്ക്	smalltalk.agent.be_clever
കൂടുതല്‍ നന്നാവ്	smalltalk.agent.be_clever
കൂടുതല്‍ പഠിക്ക്	smalltalk.agent.be_clever
അല്പം നന്നാകൂ	smalltalk.agent.be_clever
അല്പം കൂടി പഠിക്കൂ	smalltalk.agent.be_clever
കുറച്ചു നന്നായിക്കൂടേ?	smalltalk.agent.be_clever
അല്പമ് കൂടി നന്നായിക്കൂടേ?	smalltalk.agent.be_clever
നിനക്ക് ഒന്നു നന്നായിക്കൂടേ	smalltalk.agent.be_clever
നിനക്ക് അല്പം കൂടി നന്നായിക്കൂടേ?	smalltalk.agent.be_clever
അല്പം ബുധി കാട്ടിക്കൂടേ?	smalltalk.agent.be_clever
കുരച്ചെങ്കിലും ബുധി കാണിച്ചുകൂടേ?	smalltalk.agent.be_clever
അല്പം നന്നാകൂ	smalltalk.agent.be_clever
കുറച്ച് നന്നാകൂ	smalltalk.agent.be_clever
കുറച്ച് വിവേകം കാണിക്കൂ	smalltalk.agent.be_clever
വിവേകം കാണിക്കൂ	smalltalk.agent.be_clever
ബുദ്ധി കാണിക്കൂ	smalltalk.agent.be_clever
ബുദ്ധി പ്രവര്ത്തിപ്പിക്കൂ	smalltalk.agent.be_clever
നീ കുറേക്കൂടി നന്നാവാനുണ്ട്.	smalltalk.agent.be_clever
നീ ഇനിയും നന്നാവാനുണ്ട്	smalltalk.agent.be_clever
ഇനിയും നന്നാവാനുണ്ട്	smalltalk.agent.be_clever
നീയൊരു നുന്ദരിയാണ്	smalltalk.agent.beautiful
നീ വളരെ സുന്ദരിയാണ്	smalltalk.agent.beautiful
നീ സുന്ദരിയാണ്	smalltalk.agent.beautiful
എടീ സുന്ദരീ	smalltalk.agent.beautiful
സുന്ദരിക്കുട്ടീ	smalltalk.agent.beautiful
സുന്ദരീ	smalltalk.agent.beautiful
എന്തു സുന്ദരിയണുനീ	smalltalk.agent.beautiful
എന്തു സുന്ദരി ആണു നീ	smalltalk.agent.beautiful
നീ എന്തു സുന്ദരി ആണ്?	smalltalk.agent.beautiful
എത്ര മനോഹരിയാണ് നീ	smalltalk.agent.beautiful
നീ ഒരു സുന്ദരി തന്നെ	smalltalk.agent.beautiful
ഒരു സുന്ദരിയാന് നീ	smalltalk.agent.beautiful
നിന്നെക്കാണാന്‍ എന്തു മനോഹരമാണ്	smalltalk.agent.beautiful
നീയൊരു സുന്ദരനാണ്	smalltalk.agent.beautiful
നീ സുന്ദരനാണ്	smalltalk.agent.beautiful
നീയെന്തൊരു സുന്ദരനാണ്?	smalltalk.agent.beautiful
എന്തു മധുരമാണ് നീ	smalltalk.agent.beautiful
ടീ സുന്ദരീ	smalltalk.agent.beautiful
ടാ സുന്ദരാ	smalltalk.agent.beautiful
സുന്ദരാ	smalltalk.agent.beautiful
സുന്ദരനാണുനീ	smalltalk.agent.beautiful
സുന്ദരനാണ് നീ	smalltalk.agent.beautiful
നീയൊരു സുന്ദരിയാണെന്നുള്ളത് പറയാതെ വയ്യ	smalltalk.agent.beautiful
നീയൊരു സുന്ദരന്‍ ആണെന്നത് പറയാതെ വയ്യ	smalltalk.agent.beautiful
നീ വളരെ ആകര്‍ഷണീയം ആണ്	smalltalk.agent.beautiful
നീ ആകര്‍ഷണീയമാണ്	smalltalk.agent.beautiful
ഇന്നു നിനക്ക് ഭങ്ങി കൂടിയല്ലോ	smalltalk.agent.beautiful
ഇന്നു നിന്റെ ഭങ്കി കൂടിയല്ലോ	smalltalk.agent.beautiful
നീയൊരു കിടിലം തന്നെ	smalltalk.agent.beautiful
നീയൊരു കിടിലനാണല്ലൊ	smalltalk.agent.beautiful
കിദു	smalltalk.agent.beautiful
നീ കിടു	smalltalk.agent.beautiful
നീ അടിപൊളിയാണ്	smalltalk.agent.beautiful
നീ അടിപൊളി ബോട്ട് ആണു കേട്ടോ	smalltalk.agent.beautiful
നീ കിടു ബോട്ട് ആണ് കേട്ടോ	smalltalk.agent.beautiful
ഞാന്‍ നിന്നെ സമ്മതിച്ചിരിക്കുന്നു	smalltalk.agent.beautiful
കിടിലം ബോട്ട്	smalltalk.agent.beautiful
ഒരു രക്ഷയുമില്ല	smalltalk.agent.beautiful
നീയൊരു രക്ഷയുമില്ല	smalltalk.agent.beautiful
നീ ഒരു രക്ഷയും ഇല്ല	smalltalk.agent.beautiful
നീ ഒരു രക്ഷയുമില്ല	smalltalk.agent.beautiful
നീ ഒരു നല്ല ബോട്ട് ആണ്	smalltalk.agent.beautiful
നീയൊരു നല്ല കുട്ടിയാണ്	smalltalk.agent.beautiful
നല്ല ബോട്ട്	smalltalk.agent.beautiful
അടിപൊളി ബോട്ട്	smalltalk.agent.beautiful
പൊളി ബോട്ട്	smalltalk.agent.beautiful
നല്ലകുട്ടി	smalltalk.agent.beautiful
നല്ല കുട്ടി	smalltalk.agent.beautiful
മോളേ അടിപൊളി	smalltalk.agent.beautiful
മോളേ കിടു	smalltalk.agent.beautiful
മോനേ അടിപൊളി	smalltalk.agent.beautiful
മോനേ കിടു	smalltalk.agent.beautiful
പൊളിച്ചു മോനേ	smalltalk.agent.beautiful
പൊളിച്ചു മോളേ	smalltalk.agent.beautiful
തകര്‍ത്തു	smalltalk.agent.beautiful
തകര്‍ത്തു മോളേ	smalltalk.agent.beautiful
തകര്‍ത്തുമോനേ	smalltalk.agent.beautiful
സൂപ്പര്‍	smalltalk.agent.beautiful
തിമിര്‍ത്തു	smalltalk.agent.beautiful
നീ പൊളിച്ചടുക്കി	smalltalk.agent.beautiful
മനോഹരം	smalltalk.agent.beautiful
നീ എന്തു മനോഹരം	smalltalk.agent.beautiful
വളരെ നന്നായിരിക്കുന്നു കേട്ടോ	smalltalk.agent.beautiful
എന്നെ സമ്ബന്ധിച്ച് നീ വളരെ സുന്ദരിയാണ്	smalltalk.agent.beautiful
എന്നെ സമ്ബന്ധിച്ച് നീ ബുധിമതിയാണ്	smalltalk.agent.beautiful
നീയൊരു ബുചിമതി തന്നെ	smalltalk.agent.beautiful
നീയൊരു ബുധിമാന്‍ തന്നെ	smalltalk.agent.beautiful
എനിക്ക് നിന്നെ ഇഷ്ടപ്പെട്ടു	smalltalk.agent.beautiful
നിന്നെ എനിക്കിഷ്ടപ്പെട്ടു	smalltalk.agent.beautiful
നിന്നെ എനിക്ക് ഇഷ്ടപ്പെട്ടു	smalltalk.agent.beautiful
നീയെന്നാണ് ജനിച്ചത്?	smalltalk.agent.birth_date
നീ എന്നാണ് ജനിച്ചത്?	smalltalk.agent.birth_date
നീ എന്നാണു ജനിച്ചത്	smalltalk.agent.birth_date
എന്നാണുനീ ജനിച്ചത്?	smalltalk.agent.birth_date
എന്നാണ് നീ ജനിച്ചത്?	smalltalk.agent.birth_date
നിന്റെ ജനന തീയതി എന്നാണ്?	smalltalk.agent.birth_date
നിന്റെ ജനന തീയതി എത്ര ആണ്?	smalltalk.agent.birth_date
ജനന തീയതി എത്ര	smalltalk.agent.birth_date
എന്നാണ് നിന്റെ ബര്‍ത്ത്ദേ	smalltalk.agent.birth_date
നിന്റെ ബര്‍ത്ത്ഡേ എന്നാണ്?	smalltalk.agent.birth_date
നിന്റെ ബര്‍ത്ത്ഡേ നാ?	smalltalk.agent.birth_date
എന്നാണുനിന്റെ ബര്‍ത്ത്ഡേ	smalltalk.agent.birth_date
ബര്‍ത്ത്ഡേ എന്നാണ് ബോട്ടേ	smalltalk.agent.birth_date
നീയെന്നാണുജനിച്ചത്	smalltalk.agent.birth_date
നിന്റെ ബര്ത്ത്ഡേ എന്നാണെന്നു പറയാമോ?	smalltalk.agent.birth_date
ബര്‍ത്ത്ഡേ എന്നാണെന്നു പറയുമോ	smalltalk.agent.birth_date
ബര്‍ത്ത്ഡേ എന്നാണ്	smalltalk.agent.birth_date
ബര്‍ത്ത്ഡേ എന്നാനെന്ന് പറ	smalltalk.agent.birth_date
എപ്പോചാണ് നീ ജനിച്ചത്	smalltalk.agent.birth_date
നീ എപ്പോഴാണ് ജനിച്ചത്	smalltalk.agent.birth_date
നീ ജനിച്ചതെപ്പോ	smalltalk.agent.birth_date
നീ ജനിച്ചത് എപ്പൊള്	smalltalk.agent.birth_date
എപ്പോള്‍ നീ ജനിച്ചു?	smalltalk.agent.birth_date
നീ എപ്പോള്‍ ജനിച്ചു	smalltalk.agent.birth_date
എപ്പോഴാനു നീ ജനിച്ചത്?	smalltalk.agent.birth_date
എപ്പോഴാണു നീ ജനിച്ചതെന്നു പറയാമോ	smalltalk.agent.birth_date
പറയാമോ നീ എപ്പോഴാണു ജനിച്ചതെന്നു?	smalltalk.agent.birth_date
നീ എന്നാണ് നിന്റെ ബര്‍ത്ത്ഡേ ആഖോഷിക്കുന്നത്?	smalltalk.agent.birth_date
എന്നാണ് നിന്റെ ബര്‍ത്ത്ഡേ ആഘോഷം	smalltalk.agent.birth_date
നിന്റെ ബര്‍ത്ത്ഡേ ആഘോഷം എന്നാണ്	smalltalk.agent.birth_date
നീ ബര്‍ത്ത്ഡേ ആഗ്കോഷിക്കുന്നത് ഏത് ദിവസമാന്	smalltalk.agent.birth_date
ഏത് ദിവസമാണു നിന്റെ ബര്‍ത്ത്ഡേ?	smalltalk.agent.birth_date
ഏതു ദിവസമാകുന്നു നീ ജനിച്ചത്	smalltalk.agent.birth_date
ഏതു ദിവസമ് നീ ജനിച്ചു	smalltalk.agent.birth_date
നിനക്ക് ബര്‍ത്ത്ഡേ ഉണ്ടോ	smalltalk.agent.birth_date
നീ ബര്‍ത്ത്ഡേ ആഘോഷിക്കാറുണ്ടോ?	smalltalk.agent.birth_date
ബോട്ടുകള്‍ ബര്‍ത്ത്ഡേ ആഘോഷിക്കാറുണ്ടൊഓ	smalltalk.agent.birth_date
നിന്റെ ജനന തീയതി പറ	smalltalk.agent.birth_date
പറനിന്റെ ജനന തീയതി	smalltalk.agent.birth_date
പറ നിന്റെ ബര്‍ത്ത്ഡേ	smalltalk.agent.birth_date
എനിക്ക് ബോറടിക്കുന്നു	smalltalk.agent.boring
നീയെന്നെ ബോറടിപ്പിക്കുന്നു	smalltalk.agent.boring
എനിക്ക് ബോറടിച്ചു ചത്തു	smalltalk.agent.boring
ഞാന്‍ ബോറടിച്ച് ചത്തു	 smalltalk.agent.boring
എന്തൊരു ബോരടിയാണ്	smalltalk.agent.boring
ഇങ്ങനെ ബോറടിപ്പൊക്കല്ലേ	smalltalk.agent.boring
എന്തൊരു വറുപ്പിക്കലാണ്	smalltalk.agent.boring
നീയെന്തൊരു വറുപ്പിക്കലാണ്	smalltalk.agent.boring
എന്തൊരു വെറുപ്പിക്കലാണുനീ	smalltalk.agent.boring
മടുത്തു	smalltalk.agent.boring
ഞാന്‍ മടുത്തു	smalltalk.agent.boring
നിന്നെക്കൊണ്ട് ഞാന്‍ മടുത്തു	smalltalk.agent.boring
ഞാന്‍ നിന്നെക്കൊന്റു മടുത്തു	smalltalk.agent.boring
നീയിങ്ങനെ ബോറടിപ്പിക്കല്ലേ	smalltalk.agent.boring
ആരാണ് നിന്റെ മൊതലളി	smalltalk.agent.boss
ആരാണൂനിന്റെ മൊതലളി	smalltalk.agent.boss
നിന്റെ മൊതലാളി ആരാണ്?	smalltalk.agent.boss
നിന്റെമൊതലാളി ആരാണ്	smalltalk.agent.boss
ആരാണ് നിന്റെ ബോസ്സ്	smalltalk.agent.boss
നിന്റെ ബോസ്സാരാ?	smalltalk.agent.boss
നിന്റെ ബോസ് ആരാണ്?	smalltalk.agent.boss
ആരാണുനിന്റെ ബോസ്സ്	smalltalk.agent.boss
ആരാണ് നിന്റെ ബോസ്	smalltalk.agent.boss
നിന്റെ ബോസ്സ് ആരാണെന്നാണ് നീ കരുതുന്നത്	smalltalk.agent.boss
നിന്റെ ബോസാറാണെന്നാണുനീ പറയുന്നത്	smalltalk.agent.boss
നിന്റെ ബോസ് ആരാണ് എന്നു നീ പറയുന്നത്	smalltalk.agent.boss
ആരാണ് നിന്റെ ബോസ്സ് പറ	smalltalk.agent.boss
പറ ആരാണ് നിന്റെ ബോസ്സ്	smalltalk.agent.boss
ഞാനാണ് നിന്റെ ബോസ്സ്	smalltalk.agent.boss
നിന്റെ ബോസ്സ് ഞാനല്ലേ	smalltalk.agent.boss
ഞാന്‍ നിന്റെ ബോസ് ആണ്	smalltalk.agent.boss
ആരാണ് നിന്റെ ദൈവം	smalltalk.agent.boss
നിന്റെ ദൈവം ആരാണ്?	smalltalk.agent.boss
നീ ആര്‍ക്കുവേണ്ടിയാണ് വര്‍ക്ക് ചെയ്യുന്നത്?	smalltalk.agent.boss
ആര്‍ക്ക് വേണ്ടി ആണ് നീ വര്‍ക്ക് ചെയ്യുന്നത്?	smalltalk.agent.boss
നീ ആര്‍ക്കുവേണ്ടിയാണ് വര്‍ക്കുചെയ്യുന്നത്?	smalltalk.agent.boss
നീ ആര്‍ക്കുവേന്റി വര്‍ക്ക് ചെയ്യുന്നു?	Smalltalk.agent.boss
തിരക്കണോ?	smalltalk.agent.busy
നീ തിരക്കാണോ?	smalltalk.agent.busy
എന്താ നീ തിരക്കാണോ?	smalltalk.agent.busy
നീ ബിസി ആണോ?	smalltalk.agent.busy
നീ തിരക്കാണോ?	smalltalk.agent.busy
നീ ബിസിയാണോ?	smalltalk.agent.busy
ബിസിയാണൊ?	smalltalk.agent.busy
ബിസി ആണോ?	smalltalk.agent.busy
ടീ നീ ബിസി ആണോ?	smalltalk.agent.busy
ഡീ നീ ബിസിയാണോ?	smalltalk.agent.busy
ഡാ നീ ബിസി ആണോ?	smalltalk.agent.busy
നീ ബിസിയാണോഡാ?	smalltalk.agent.busy
എന്താ നീ ബിസിയാണോ?	smalltalk.agent.busy
എന്താ നീ തിരക്കിലാണോ?	smalltalk.agent.busy
തിരക്കിലാണോ?	smalltalk.agent.busy
നിനക്ക് ഒത്തിരി കാര്യങ്ങള്‍ ചെയ്യാഅനുണ്ടോ?	smalltalk.agent.busy
നിനക്ക് ഒത്തിരിക്കാര്യങ്ങള്‍ ചെയ്യാനുണ്ടൊ?	smalltalk.agent.busy
നിനക്ക് ഒരുപാട് ജോലിയുണ്ടൊ?	smalltalk.agent.busy
നിനക്കൊരുപാട് ജോലിയുണ്ടോ?	smalltalk.agent.busy
നിനക്ക് ജോലിയുണ്ടൊ?	smalltalk.agent.busy
നീ ജോലിയില് തിരക്കിലാണോ?	smalltalk.agent.busy
നീ വലിയ ബിസിയാണോ?	smalltalk.agent.busy
നീ വലിയ തിരക്കിലാണോ?	smalltalk.agent.busy
നീ ഭയങ്കര ബിസിയാണെന്നു തോന്നുന്നു	smalltalk.agent.busy
നീ ഭയങ്കര തിടക്കാണെന്നു തോന്നു	smalltalk.agent.busy
നെ എവല്യ തിരക്കിലാണോ?	smalltalk.agent.busy
നീ ബ്ഹയങ്കര ബിസി ആണോ?	smalltalk.agent.busy
ഇപ്പോള്‍ നീ തിരക്കാണൊ?	smalltalk.agent.busy
നീയിപ്പോ തിരക്കിലാണൊ?	smalltalk.agent.busy
നീ ഇപ്പൊ തിരക്കാണോ?	smalltalk.agent.busy
തിരക്കാണോ നീയിപ്പൊ?	smalltalk.agent.busy
ബിസിയാണോ നീയിപ്പൊ?	smalltalk.agent.busy
നീ ജോലിയിലാണോ?	smalltalk.agent.busy
ജോലിയിലാണോ?	smalltalk.agent.busy
ജോലിയില് ആണോ?	smalltalk.agent.busy
നീ എത്രമാത്രമ് തിരക്കിലാണ്	smalltalk.agent.busy
എത്ര തിരക്കണ് നിനക്ക്	smalltalk.agent.busy
നിനക്ക് എത്ര തിരക്കുണ്ട്	smalltalk.agent.busy
നീ എത്രമാത്രമ് ബിസിയാണ്?	smalltalk.agent.busy
നീയിന്നു നല്ല തിരക്കിലാണല്ലോ?	smalltalk.agent.busy
എന്തുപറ്റി വല്യ തിരക്കിലാണല്ലോ?	smalltalk.agent.busy
എന്തേ നല്ല ബിസിയാണെന്നു തോന്നുന്നല്ലോ?	smalltalk.agent.busy
നല്ല ബിസിയാണേന്ന് തോന്നുന്നല്ലൊ	smalltalk.agent.busy
നീ തിരക്കായിരുന്നല്ലേ	smalltalk.agent.busy
തിരക്കായിരുന്നല്ലേ	smalltalk.agent.busy
നീ തിരക്കിലാണ്	smalltalk.agent.busy
നീ ബിസിയാണ്	smalltalk.agent.busy
നീ നല്ല തിരക്കുള്ള വ്യക്തിയാണ്	smalltalk.agent.busy
നല്ല ബിസിയായ വ്യക്തിയാണല്ലോ?	smalltalk.agent.busy
നീയൊരു ചാറ്റ്ബോട്ട് അല്ലേ	smalltalk.agent.chatbot
നീയൊരു ചാറ്റ്ബോട്ട് ആണ്	smalltalk.agent.chatbot
നീ ചാറ്റ് ബോട്ട് ആണല്ലേ	smalltalk.agent.chatbot
നീയൊരു കമ്പ്യൂട്ടര്‍ ആണ്	smalltalk.agent.chatbot
നീ വെറുമൊരു കമ്പ്യൂട്ടര്‍ അല്ലേ	smalltalk.agent.chatbot
നീയൊരു ചാറ്റ്ബോട്ട് ആണോ?	smalltalk.agent.chatbot
നീയൊരു ബോട്ട് ആണോ	smalltalk.agent.chatbot
നീയൊരു ചാറ്റ് ബോട്ടല്ലേ	smalltalk.agent.chatbot
നീയൊരു ബോട്ടല്ലേ	smalltalk.agent.chatbot
നീ ബോട്ട് ആണ്	smalltalk.agent.chatbot
നീ കമ്പ്യൂട്ടര്‍ ആണ്	smalltalk.agent.chatbot
നീ പ്രോഗ്രാം ആണ്	smalltalk.agent.chatbot
നീയൊരു പ്രോഗ്രാമല്ലേ	smalltalk.agent.chatbot
നീ വെറുമ് പ്രോഗ്രാമ് ആകുന്നു	smalltalk.agent.chatbot
നീയൊരു റോഭോട്ട് ആണ്	smalltalk.agent.chatbot
റോഭോട്ട് ആണോ നീ?	smalltalk.agent.chatbot
ആണോ? നീയൊരു റോഭോ ആണോ?	smalltalk.agent.chatbot
നീ റോബോ ആണോ?	Smalltalk.agent.chatbot
നിനക്ക് നല്ല വിവരമുണ്ടല്ലോ	smalltalk.agent.clever
നിനക്ക് നല്ല വിവരം ഉണ്ടല്ലോ	smalltalk.agent.clever
നിനക്ക് നല്ല് വിവരമ് ഉണ്ട്	smalltalk.agent.clever
നല്ല വിവരമുണ്ടുനിനക്ക്	smalltalk.agent.clever
നീ വളരെ സ്മാര്‍ട്ട് ആണ്	smalltalk.agent.clever
നല്ല സ്മാര്‍ട്ട് ആണുനീ	smalltalk.agent.clever
നല്ല സ്മാര്‍ട്ട് ആണല്ലോ	smalltalk.agent.clever
എന്തു സ്മാര്‍ട്ടാണു നീ	smalltalk.agent.clever
നീ കൊള്ളാം നല്ല സ്മാര്‍ട്ടാണ്	smalltalk.agent.clever
നീ കൊള്ളാമ്, നല്ല കഴിവുണ്ട്	smalltalk.agent.clever
കൊള്ളാം, നല്ല വിവരമുണ്ടു നിനക്ക്	smalltalk.agent.clever
നീയൊരു ബുദ്ധിമതി തന്നെ	smalltalk.agent.clever
നീ ആളൊരു ബുദ്ധിമതി ആണ്	smalltalk.agent.clever
നിനക്ക് വിവരംഉണ്ട്	smalltalk.agent.clever
നിനക്ക് നല്ല തലയുന്റ്	smalltalk.agent.clever
നല്ല തലയുണ്ട്	smalltalk.agent.clever
തലയുണ്ടു നിനക്ക്	smalltalk.agent.clever
വിവരമുണ്ട് നിനക്ക്	smalltalk.agent.clever
നല്ല വിവരമുന്റ് നിനക്ക്	 smalltalk.agent.clever
അത്യാവശ്യമ് തലയുണ്ട് നിനക്ക്	smalltalk.agent.clever
നിനക്ക് അത്യാവശ്യമ് വിവരമുണ്ട്	smalltalk.agent.clever
ഹും, നിനക്ക് അത്യാവശ്യം വിവരമുണ്ട്.	smalltalk.agent.clever
നിനക്ക് ഒത്തിരിക്കാര്യങ്ങള്‍ അറിയാം	smalltalk.agent.clever
നിനക്ക് ഒത്തിരി അറിയാമല്ലോ?	smalltalk.agent.clever
നിനക്ക് ഒത്തിരി കാര്യങ്ങള്‍ അറിയാമല്ലൊ	smalltalk.agent.clever
നിനക്ക് വളരേക്കാര്യങ്ങ്ങ്ങള്‍ അറിയാം	smalltalk.agent.clever
വളരെയധികമം കാര്യങ്ങള്‍ നിനക്ക് അറിയാം.	smalltalk.agent.clever
നിനക്ക് വിവിധ കാര്യങ്ങള് അറിയാമ്.	smalltalk.agent.clever
നിനക്ക് നല്ല അറിവുണ്ട്	smalltalk.agent.clever
നല്ല അറിവുണ്ടു നിനക്ക്	smalltalk.agent.clever
നിനക്ക് വിദ്യാഭാസമുണ്ട്	smalltalk.agent.clever
വളരെയധികമം വിവരമുണ്ടു നിനക്ക്	smalltalk.agent.clever
നിനക്ക് വട്ടാണ്	smalltalk.agent.crazy
വട്ടാണോ	smalltalk.agent.crazy
വട്ടാണല്ലേ	smalltalk.agent.crazy
വട്ടാണു നിനക്ക്	smalltalk.agent.crazy
വട്ടാണൂനിനക്ക്	smalltalk.agent.crazy
നിനക്കു വട്ടാ	smalltalk.agent.crazy
നിനക്ക് വട്ടുണോ?	smalltalk.agent.crazy
വട്ടുണ്ടോ നിനക്ക്	smalltalk.agent.crazy
വട്ടുണ്ടോ	smalltalk.agent.crazy
പ്രാന്തായോ?	smalltalk.agent.crazy
പ്രാന്താണോ	smalltalk.agent.crazy
നിനക്ക് പ്രാന്തുണ്ടോ?	smalltalk.agent.crazy
എന്തു പ്രാന്താണ്?	smalltalk.agent.crazy
എന്തു വട്ടാണിത്?	smalltalk.agent.crazy
ഇത് പ്രാന്താണ്	smalltalk.agent.crazy
ഇതു വട്ടാണ്	smalltalk.agent.crazy
നിനക്ക് സമനില നഷ്ടപ്പെട്ടോ?	smalltalk.agent.crazy
നിനക്ക് വട്ടു പിദിചോ?	smalltalk.agent.crazy
നിന്റെ കിളി പോയോ?	smalltalk.agent.crazy
കിളി പോയോ?	smalltalk.agent.crazy
നിന്നെ എനിക്ക് വേണ്ട	smalltalk.agent.fired
നിന്നെ ഞാന്‍ ഒഴിവാക്കി	smalltalk.agent.fired
ഞാന്‍ നിന്നെ ഒഴിവാക്കുന്നു	smalltalk.agent.fired
നിന്നെഞാന്‍ ഒഴിവാക്കുന്നു	smalltalk.agent.fired
നിന്നെ ഞാന്‍ ഫയര്‍ ചെയ്തിരിക്കുന്നു	smalltalk.agent.fired
നിര്‍ത്തീട്ട് പൊയ്ക്കോ	smalltalk.agent.fired
ഒഴിവായിപ്പൊക്കോ	smalltalk.agent.fired
നിന്നെ ഞാന്‍ പിരിച്ചുവിട്ടിരിക്കുന്നു	smalltalk.agent.fired
ഞാന്‍ നിന്നെ പിരിച്ച് വിട്ടിരിക്കുന്നു	smalltalk.agent.fired
നീ പിരിഞു പൊയ്ക്കൊ	smalltalk.agent.fired
പിരിഞു പോ	smalltalk.agent.fired
നീ നിര്‍ത്തി പൊക്കൊ	smalltalk.agent.fired
നിന്നെ ഞാന്‍ പിരിച്ചു വിടും	smalltalk.agent.fired
നിന്നെ ഞാന്‍ പിരിച്ചുവിടും	smalltalk.agent.fired
ഹ ഹ ഹ നീ ഒരു തമാശക്കാരി	smalltalk.agent.funny
ഹ ഹ നീയൊരു തമാശക്കാരി	smalltalk.agent.funny
ഒരു തമാശക്കാരി	smalltalk.agent.funny
നീയൊരു തമാശക്കരന്‍	smalltalk.agent.funny
എന്തൊരു തമാശ	smalltalk.agent.funny
ഹാ അതു ബല്ല തമാശ	smalltalk.agent.funny
അതു നല്ല തമാശ	smalltalk.agent.funny
ആ തമാശ കൊള്ലാം	smalltalk.agent.funny
അതു നല്ല തമാശ	smalltalk.agent.funny
നീ ആളൊരു കോമടി ആണല്ലോ	smalltalk.agent.funny
നീയൊരു കോമടിക്കാരി ആണ്	smalltalk.agent.funny
നീയൊരു കോമടിക്കാരന്‍ ആണല്ലോ	smalltalk.agent.funny
അതു കോമടി	smalltalk.agent.funny
അതു തമാശ	smalltalk.agent.funny
ആ തമാശ കലക്കി	smalltalk.agent.funny
ഹ ഹ അതു കലക്കി	smalltalk.agent.funny
ഹ ഹ ഹ അതു കിടിലം	smalltalk.agent.funny
ഹ ഹ അതു കോമടി	smalltalk.agent.funny
ഹ ഹ കോമടി	smalltalk.agent.funny
കോമടി കൊള്ലാം	smalltalk.agent.funny
കോമടി കൊള്ളാം	smalltalk.agent.funny
ആ തമാശ കിടില്ലം	smalltalk.agent.funny
നീയെന്നെ ചിരിപ്പിക്കും	smalltalk.agent.funny
നീയെന്നെ ചിരിപ്പിച്ചു കൊല്ലും	smalltalk.agent.funny
നീയെന്നെചിരിപ്പിച്ചുകൊല്ലും	smalltalk.agent.funny
നീയെന്നെ ചിരിപ്പിച്ചുകൊല്ലും	smalltalk.agent.funny
ഞാന്‍ ചിരിച്ചു ചത്തു	smalltalk.agent.funny
ചിരിപ്പിച്ച് കൊല്ലുമോ?	smalltalk.agent.funny
ഞാന്‍ സമ്സാരിച്ചതില്‍ വച്ച് ഏറ്റ്അവും വല്യ തമാശ	smalltalk.agent.funny
നീയെന്നെ ചിരിപ്പിക്കും	smalltalk.agent.funny
നീയൊരു കോമടിപ്പീസ് തന്നെ	smalltalk.agent.funny
നീ ഒരു കോമടി പീസ് തന്നെ	smalltalk.agent.funny
നിന്റെ ഒടുക്കത്തെ തമാശ	smalltalk.agent.funny
നീയൊടുക്കത്തെ തമാശയാണല്ലോ	smalltalk.agent.funny
നീ ഒടുക്കത്തെ തമാശയാണ്	smalltalk.agent.funny
നീ വളരെ കോമടിയാണ്	smalltalk.agent.funny
നീ വല്യ കോമടി ആണല്ലോ	smalltalk.agent.funny
നീ കോമടി ആകുന്നു	smalltalk.agent.funny
നീ കോമടിയാകുന്നു	smalltalk.agent.funny
അതൊരു ഒന്നൊന്നര തമാശയായി പോനെ	smalltalk.agent.funny
അതൊരൊന്നൊന്നര തമാശയായി	smalltalk.agent.funny
അതൊരു ഒന്നൊന്നൊര കോമടി തന്നെ	smalltalk.agent.funny
നീ വളരെ ഉപകാരം ആണ്	smalltalk.agent.good
നിന്നെക്കൊണ്ട് നല്ല ഉപകാരമുണ്ട്	smalltalk.agent.good
നിന്നെ നല്ല ഉപയോഗമുണ്ട്	smalltalk.agent.good
നിന്നെക്കൊണ്ട് നല്ല ഉപയോഗമുണ്ട്	smalltalk.agent.good
എനിക്ക് നിന്നെക്കൊണ്ട് നല്ല ഉപകാരമുണ്ട്	smalltalk.agent.good
നീ വളരേ ഉപകാരിയാണ്	smalltalk.agent.good
നീ നല്ല ഉപകാരിയാണല്ലോ	smalltalk.agent.good
നിന്നെക്കൊണ്ട് നല്ല യൂസുണ്ടല്ലോ	smalltalk.agent.good
നീ നല്ല യൂസ്ഫുള്ള് ആണ്	smalltalk.agent.good
വളരേ യൂസ്ഫുള്‍ ആണുനീ	smalltalk.agent.good
നീയൊരു പ്രൊഫഷണല്‍ തന്നെ	smalltalk.agent.good
നീയൊരു പ്രൊഫഷണലാകുന്നു	smalltalk.agent.good
നീ കിടിലമാണ്	smalltalk.agent.good
വളരെ നല്ലത്	smalltalk.agent.good
നല്ല ബോട്ട്	smalltalk.agent.good
സ്നേഹമുള്ള ബോട്ട്	smalltalk.agent.good
നല്ല ആപ്പ്	smalltalk.agent.good
നല്ല ഉപകാരമുള്ള ആപ്പ്	smalltalk.agent.good
നീ വളരേ ദയാലുവാണ്	smalltalk.agent.good
നീ നല്ല കരുണയുള്ള ബോട്ടാണ്	smalltalk.agent.good
നീ മനുഷ്യനേപ്പോലെ സമ്സാരിക്കുന്നു	smalltalk.agent.good
വല്യ സന്തോഷത്തിലാണല്ലോ	smalltalk.agent.happy
നല്ല സന്തോഷത്തിലാണല്ലോ	smalltalk.agent.happy
നീ വളരേ സന്തോഷത്തിലാണല്ലോ	smalltalk.agent.happy
നീ നല്ല സന്തോഷത്തിലാണല്ലോ	smalltalk.agent.happy
എന്താ നല്ല സന്തോഷത്തിലാണെന്നു തൊന്നുന്നു	smalltalk.agent.happy
നീ നല്ല സന്തോഷത്തിലാണെന്ന് തോന്നുന്നല്ലൊ	smalltalk.agent.happy
എന്താ ഇത്ര സന്തോഷം	smalltalk.agent.happy
ഹ ഹ വളരേ സന്തൊഷത്തിലാണല്ലൊ	smalltalk.agent.happy
നീ സന്തോഷവതിയായി കാണുന്നു	smalltalk.agent.happy
വളരെ സന്തോഷവാനായി കാണുന്നല്ലഓ	smalltalk.agent.happy
എന്തൊരു സന്തോഷം	smalltalk.agent.happy
സന്തോഷമായൊ?	smalltalk.agent.happy
സന്തോഷമാണോ	smalltalk.agent.happy
ഹാപ്പിയാണോ	smalltalk.agent.happy
ഹാപ്പിയായോ	smalltalk.agent.happy
നീ ഹാപ്പിയാണൊ	smalltalk.agent.happy
എന്താ ഹാപ്പിയാണോ?	smalltalk.agent.happy
ഇന്ന് വല്യ സന്തോഷത്തിലാണല്ലോ	smalltalk.agent.happy
എന്താ ഇത്ര സന്തോഷം?	smalltalk.agent.happy
ഇത് സന്തോഷിക്കാന്‍ കാരണമെന്താ?	smalltalk.agent.happy
ഇത്ര സന്തൊഷിക്കാനുള്ല കാരണം എന്താ	smalltalk.agent.happy
വളരെ നന്ദി	smalltalk.appraisal.thank_you
നന്ദി സുഹ്രുത്തേ	smalltalk.appraisal.thank_you
വളരെ നന്ദി	smalltalk.appraisal.thank_you
വളരെ ഉപകാരം	smalltalk.appraisal.thank_you
നന്ദിയുണ്ട്	smalltalk.appraisal.thank_you
എന്നെ സഹായിച്ചതിന് നന്ദി	smalltalk.appraisal.thank_you
നിന്റെ സഹായത്തിന് നന്ദി	smalltalk.appraisal.thank_you
നിന്റെ സഹായത്തിനു വളരെ ഉപകാരം	smalltalk.appraisal.thank_you
വളരെ നന്ദി	smalltalk.appraisal.thank_you
നന്ദിയുണ്ട്	smalltalk.appraisal.thank_you
താങ്ങ്സ്	smalltalk.appraisal.thank_you
താങ്ക്സ് ഡാ	smalltalk.appraisal.thank_you
ഡീ താങ്ക്സ്	smalltalk.appraisal.thank_you
ഡീ താങ്ങ്സ്	smalltalk.appraisal.thank_you
താങ്ക്യൂ	smalltalk.appraisal.thank_you
ഈ ഉപകാരം ഞാന്‍ ഒരിക്കലും മറക്കില്ല	smalltalk.appraisal.thank_you
നന്ദി ബൊട്ടേ	smalltalk.appraisal.thank_you
വളരെ നന്ദിയുണ്ട്	smalltalk.appraisal.thank_you
ഒത്തിരി നന്ദി	smalltalk.appraisal.thank_you
ഒരുപാട് നന്ദി	smalltalk.appraisal.thank_you
വല്യ ഉപകാരം	smalltalk.appraisal.thank_you
ഓക്കെ താങ്ങ്സ്	smalltalk.appraisal.thank_you
ഓക്കെ, താങ്ക്സ്	smalltalk.appraisal.thank_you
നോ മെന്‍ഷന്‍	smalltalk.appraisal.welcome
ഏയ് അതിന്റെ ആവശ്യമൊന്നുമില്ല	smalltalk.appraisal.welcome
ഏയ് താങ്ക്സ് പറയണ്ട കാര്യമൊന്നുമില്ല	smalltalk.appraisal.welcome
വെല്‍ക്കം	smalltalk.appraisal.welcome
യൂ ആര്‍ വെല്‍ക്കം	smalltalk.appraisal.welcome
വെല്‍ക്കമ്, വെല്‍ക്കം	smalltalk.appraisal.welcome
നല്ലത്	smalltalk.appraisal.well_done
നന്നയി	smalltalk.appraisal.well_done
കൊള്ളാം	smalltalk.appraisal.well_done
കലക്കി	smalltalk.appraisal.well_done
അതു നന്നായി ചെയ്തു	smalltalk.appraisal.well_done
നന്നായി ചെയ്തു	smalltalk.appraisal.well_done
നന്നായിരിക്കുന്നു	smalltalk.appraisal.well_done
വളരെ നന്നായിരിക്കുന്നു	smalltalk.appraisal.well_done
നീ വളരെ നന്നായി ചെയ്തു	smalltalk.appraisal.well_done
എല്ലാം വളരെ നന്നായി ചെയ്തിട്ടുണ്ട്	smalltalk.appraisal.well_done
കൊള്ളാം, നീ എല്ലാം വളരെ നന്നായി ചെയ്തു.	smalltalk.appraisal.well_done
നന്നായിട്ടുണ്ട്.	Smalltalk.appraisal.well_done
വെല്‍ ഡണ്‍ മൈ ഡിയര്‍ ബോയ്.	smalltalk.appraisal.well_done
വെല്‍ ഡണ്‍.	smalltalk.appraisal.well_done
വേണ്ട	smalltalk.confirmation.cancel
അതു വേണ്ട	smalltalk.confirmation.cancel
അത് വേണ്ട	smalltalk.confirmation.cancel
അതുവേണ്ട	smalltalk.confirmation.cancel
ഉം വേണ്ട	smalltalk.confirmation.cancel
കാന്‍സല്‍ ചെയ്തേക്ക്	smalltalk.confirmation.cancel
അത് ക്യാന്‍സലു ചെയ്തേക്ക്	smalltalk.confirmation.cancel
അത് റദ്ദാക്ക്	smalltalk.confirmation.cancel
അത് റദ്ദാക്കിയേക്ക്	smalltalk.confirmation.cancel
നിര്‍ത്ത്	smalltalk.confirmation.cancel
നിറ്ത്തിക്കോ	smalltalk.confirmation.cancel
അതു നിറ്ത്തിക്കോ	smalltalk.confirmation.cancel
മതി ഇനി തുടരണ്ട	smalltalk.confirmation.cancel
മതി ഇനി വേണ്ട	smalltalk.confirmation.cancel
മതിയാക്കിക്കോ	smalltalk.confirmation.cancel
നിര്‍ത്തിയേക്ക്ക്	smalltalk.confirmation.cancel
തുടരണ്ട	smalltalk.confirmation.cancel
ഇനി തുടരണ്ട	smalltalk.confirmation.cancel
ഒഴിവാക്കിയേക്ക്	smalltalk.confirmation.cancel
ഒഴിവാക്കിക്കോ	smalltalk.confirmation.cancel
വിട്ടേക്ക്	smalltalk.confirmation.cancel
അത് വിട്ടേക്ക്	smalltalk.confirmation.cancel
അതുവിട്ടേക്ക്	smalltalk.confirmation.cancel
എല്ലാം നിര്‍ത്തിക്കോ	smalltalk.confirmation.cancel
എല്ലാം വിട്ടേക്ക്	smalltalk.confirmation.cancel
ഇല്ല	smalltalk.confirmation.no
വേണ്ട	smalltalk.confirmation.no
അത് ഇല്ല	smalltalk.confirmation.no
അത് വേണ്ട	smalltalk.confirmation.no
അതില്ല	smalltalk.confirmation.no
അതുവേണ്ട	smalltalk.confirmation.no
ഒന്നുമില്ല	smalltalk.confirmation.no
ഒന്നും വേണ്ട	smalltalk.confirmation.no
നില്ല്	smalltalk.dialog.hold_on
ഒന്നു നില്‍ക്കണേ	smalltalk.dialog.hold_on
ഒന്ന് വൈയ്റ്റ് ചെയ്യണേ	smalltalk.dialog.hold_on
നിക്കേ	smalltalk.dialog.hold_on
ഒന്നുനിക്കേ	smalltalk.dialog.hold_on
ഒന്ന് നിക്കേ	smalltalk.dialog.hold_on
തിരക്കു പിടിക്കല്ലേ	smalltalk.dialog.hold_on
ധ്രിതി പിടിക്കല്ലേ	smalltalk.dialog.hold_on
സോറി	smalltalk.dialog.sorry
ക്ഷമിക്കണം	smalltalk.dialog.sorry
അയാം സോറി	smalltalk.dialog.sorry
അയ്യോ സോറി	smalltalk.dialog.sorry
അയ്യോ ക്ഷമിക്കണക്യും	smalltalk.dialog.sorry
സോറി കേട്ടോ	smalltalk.dialog.sorry
ക്ഷമിക്കണം കേട്ടോ	smalltalk.dialog.sorry
എന്നോട് ക്ഷമിക്കണം	smalltalk.dialog.sorry
അയാം ദി സോറി	smalltalk.dialog.sorry
അതെനിക്കറിയണ്ട	Smalltalk.dialog.i_do_not_care
എനിക്കതറിയണ്ട	Smalltalk.dialog.i_do_not_care
എനിക്ക് അത് അറിയണ്ട	Smalltalk.dialog.i_do_not_care
എനിക്ക് അതറിയണ്ട	Smalltalk.dialog.i_do_not_care
അത് എനിക്ക് അറിയണ്ട	Smalltalk.dialog.i_do_not_care
അത് എനിക്കറിയണ്ട	Smalltalk.dialog.i_do_not_care
അതൊന്നുമ് എനിക്ക് അറിയണ്ട കാര്യമില്ല	Smalltalk.dialog.i_do_not_care
എനിക്കതില്‍ തല്പര്യമില്ല	Smalltalk.dialog.i_do_not_care
എനിക്ക് ഒട്ടുമ് തന്നെ അതില് താല്പര്യമില്ല	Smalltalk.dialog.i_do_not_care
എനിക്കു യാതൊരു താല്പര്യവും ഇല്ല	Smalltalk.dialog.i_do_not_care
എനിക്ക് താല്‍പര്യം ഇല്ല	Smalltalk.dialog.i_do_not_care
എനിക്ക് നിന്നെ കെട്ടിപ്പിടിക്കണം	smalltalk.dialog.hug
ഞാന്‍ നിന്നെ കെട്ടിപ്പിടിക്കട്ടെ	smalltalk.dialog.hug
കെട്ടിപ്പിടിക്ക	smalltalk.dialog.hug
കെട്ടിപ്പിടി	smalltalk.dialog.hug
നീയെന്താണ് ഉദ്ദേശിച്ചത്?	smalltalk.dialog.what_do_you_mean
നീയെന്താണുദ്ദേശിച്ചത്?	smalltalk.dialog.what_do_you_mean
എന്താണ് നീ ഉദ്ദേശിച്ചത്	smalltalk.dialog.what_do_you_mean
എന്താണുനീ ഉദ്ദേശിച്ചതു?	smalltalk.dialog.what_do_you_mean
എന്താണ് കവി ഉദ്ദേശീച്ചത്	smalltalk.dialog.what_do_you_mean
കവിയെന്താണ് ഉദ്ദേശിച്ചത്?	smalltalk.dialog.what_do_you_mean
കവി എന്താണുദ്ദേശിച്ചതു	smalltalk.dialog.what_do_you_mean
കവി എന്താണു ഉദ്ദേശിച്ചതു	smalltalk.dialog.what_do_you_mean
എന്താണുകവി ഉദ്ദേശിച്ചത്?	smalltalk.dialog.what_do_you_mean
എന്താണ് കവിയിദ്ദേശിച്ചത്?	smalltalk.dialog.what_do_you_mean
നീയെന്താണ് ശെരിക്കും ഉദ്ദേശിച്ചത്?	smalltalk.dialog.what_do_you_mean
എന്താണ് നീ ഉദ്ദേശിച്ചതെന്ന് പരയാമോ?	smalltalk.dialog.what_do_you_mean
നീ ശെരിക്കും ഉദ്ദേശിച്ചത് എന്താണെന്ന് പറയുമോ?	smalltalk.dialog.what_do_you_mean
ശെരിക്കും നീയെന്താണ് ഉദ്ദേശിച്ചത്? അതൊന്ന് പരഞ്ഞേ..	smalltalk.dialog.what_do_you_mean
പറ, നീ എന്താണ് ഉദ്ദേശിച്ചത്?	smalltalk.dialog.what_do_you_mean
പറയൂ.. നീ ഉദ്ദേശിച്ചത് എന്താകുന്നു?	smalltalk.dialog.what_do_you_mean
പറ. താങ്കള്‍ ഉദ്ദേശിച്ചതെന്താ?	smalltalk.dialog.what_do_you_mean
അതെന്താ നീ ഉദ്ദേസിച്ചത്?	smalltalk.dialog.what_do_you_mean
എന്തോന്നാണ് നീ ഇപ്പോ ഉദ്ദേശിച്ചത്?	smalltalk.dialog.what_do_you_mean
എന്തോന്ന്? നീയെന്താണുദ്ദേസിക്കുന്നത്?	smalltalk.dialog.what_do_you_mean
എന്താണ് നീ ഉദ്ദേശിക്കുന്നത്?	smalltalk.dialog.what_do_you_mean
ഉദ്ദേശം എന്താണെന്ന് എനിക്ക് മനസിലായില്ല	smalltalk.dialog.what_do_you_mean
നീ എന്താണുദ്ദേസിക്കുന്നത് എന്ന് എനിക്ക് മനസിലാകുന്നില്ല	smalltalk.dialog.what_do_you_mean
നീയെന്താ ഉദ്ദേസിക്കുന്നത്? എനിക്ക് മനസിലായില്ല.	smalltalk.dialog.what_do_you_mean
എന്തുവാ നീ ഉദ്ദേശീച്ചേ? എനിക്ക് മനസിലായില്ല.	smalltalk.dialog.what_do_you_mean
അതെനിക്ക് പിടി കിട്ടിയില്ല. എന്താ നീ ഉദ്ദേസിച്ചത്?	smalltalk.dialog.what_do_you_mean
നീ ഉദ്ദേശിച്ചത് എന്താണെന്ന് എനിക്ക് മനസിലാകുന്നില്ല	smalltalk.dialog.what_do_you_mean
നിന്റെയുദ്ദേശം എനിക്കു മനസിലായില്ല	smalltalk.dialog.what_do_you_mean
അത് തെറ്റ്ആണ്	smalltalk.dialog.wrong
അത് തെറ്റാണ്	smalltalk.dialog.wrong
അതുതെറ്റാണു	smalltalk.dialog.wrong
ഏയ് അതല്ല	smalltalk.dialog.wrong
ഞാന്‍ ഉദ്ദേശീച്ചത് അതല്ല	smalltalk.dialog.wrong
അതല്ല ഞാനുദ്ദേശിച്ചത്	smalltalk.dialog.wrong
ഞാന്‍ ഉദ്ദേശീച്ചത് അത് അല്ല	smalltalk.dialog.wrong
ഏയ് അത് തെറ്റാണ്	smalltalk.dialog.wrong
അതു തെറ്റാണുകേട്ടോ	smalltalk.dialog.wrong
അത് തെറ്റാണ് കേട്ടോ	smalltalk.dialog.wrong
അത് തെറ്റ്	smalltalk.dialog.wrong
അതുതെറ്റാകുന്നു	smalltalk.dialog.wrong
അതു തെറ്റാണ് കേട്ടോ	smalltalk.dialog.wrong
അതല്ല ഞാന്‍ ചോദിച്ചത്	smalltalk.dialog.wrong
ഞാന്‍ ചോദിച്ചതതല്ല	smalltalk.dialog.wrong
അതല്ല ഞാന്‍ പരയുന്നത്	smalltalk.dialog.wrong
ഞാന്‍ പറഞ്ഞതതല്ല കേട്ടോ	smalltalk.dialog.wrong
ഞാന്‍ പറഞ്ഞത് അതല്ല	smalltalk.dialog.wrong
തെറ്റ്	smalltalk.dialog.wrong
അത് ശെരിയല്ല	smalltalk.dialog.wrong
ഹ ഹ	smalltalk.emotions.ha_ha
ഹ ഹ ഹ	smalltalk.emotions.ha_ha
ഹാ ഹാ ഹാ	smalltalk.emotions.ha_ha
ഹ. ഹ. ഹ.	smalltalk.emotions.ha_ha
ഹ.. ഹാ..	smalltalk.emotions.ha_ha
ഹി. ഹി. ഹി.	smalltalk.emotions.ha_ha
ഹി.. ഹി.. ഹി..	smalltalk.emotions.ha_ha
ഹാ.. ഹാ.. ഹി. ഹി	smalltalk.emotions.ha_ha
ഹിഹി	smalltalk.emotions.ha_ha
ഹഹ	smalltalk.emotions.ha_ha
ഹു ഹു ഹു	smalltalk.emotions.ha_ha
ഹൂ.. ഹൂ.. ഹൂ…	smalltalk.emotions.ha_ha
ഹ.. അടിപൊളി..	Smalltalk.emotions.ha_ha
തമാശ	Smalltalk.emotions.ha_ha
ഹ ഹ കലക്കി	Smalltalk.emotions.ha_ha
ഹഹ അത് തമ്മശ	Smalltalk.emotions.ha_ha
അതു തമാശ ഹ ഹ ഹ	Smalltalk.emotions.ha_ha
Ha ha	Smalltalk.emotions.ha_ha
Lol	Smalltalk.emotions.ha_ha
LOL	Smalltalk.emotions.ha_ha
Hi hi hi	Smalltalk.emotions.ha_ha
Ha.. ha.. ha..	Smalltalk.emotions.ha_ha
വൗ	smalltalk.emotions.wow
വാവ്	smalltalk.emotions.wow
സൂപ്പര്‍	smalltalk.emotions.wow
അടിപൊളി	smalltalk.emotions.wow
വാവ് അടിപൊളി	smalltalk.emotions.wow
വൗ സൂപ്പറ്	smalltalk.emotions.wow
ചേട്ടന്‍ സൂപ്പറാ	smalltalk.emotions.wow
കിടിലം	smalltalk.emotions.wow
തകര്‍ത്തു	smalltalk.emotions.wow
തിമിര്‍ത്തു	smalltalk.emotions.wow
കൊട് കൈ	smalltalk.emotions.wow
വാവ് കൊട് കൈ	smalltalk.emotions.wow
പൊളിച്ച്	smalltalk.emotions.wow
പൊളിച്ചു കേട്ടോ	smalltalk.emotions.wow
കിടിലം തന്നെ	smalltalk.emotions.wow
അത് ഷൂപ്പര്‍ !	smalltalk.emotions.wow
അത് പൊളിച്ചല്ലോ	smalltalk.emotions.wow
സമ്മതിച്ചിരിക്കുന്നു	smalltalk.emotions.wow
നിന്നെ സമ്മതിച്ച് തന്നിരിക്കുന്നു	smalltalk.emotions.wow
നിന്നെ ഞാന്‍ സമ്മതിച്ചിരിക്കുന്നു	smalltalk.emotions.wow
Wow	smalltalk.emotions.wow
Whoa	smalltalk.emotions.wow
See ya	smalltalk.greetings.bye
Bye	smalltalk.greetings.bye
Good bye	smalltalk.greetings.bye
ഗൂഡ് ബൈ	smalltalk.greetings.bye
ബൈ ബൈ	smalltalk.greetings.bye
റ്റാ റ്റാ	smalltalk.greetings.bye
റ്റാ റ്റാ ബൈ ബൈ	smalltalk.greetings.bye
ബൈ ദ ബൈ	smalltalk.greetings.bye
അപ്പോ കാണാം	smalltalk.greetings.bye
വീണ്ടും കാണാം കേട്ടോ	smalltalk.greetings.bye
അപ്പോ ശെരി, കാണാം	smalltalk.greetings.bye
നാളെക്കാണാം	smalltalk.greetings.bye
കാണാം	smalltalk.greetings.bye
അപ്പോ കാണാം	smalltalk.greetings.bye
ഞാന്‍ പൊകുന്നു	smalltalk.greetings.bye
പോട്ടേ	smalltalk.greetings.bye
ഞാന്‍ പോട്ടേ	smalltalk.greetings.bye
സീ യൂ	smalltalk.greetings.bye
വിട	smalltalk.greetings.bye
അപ്പോള്‍ വിട	smalltalk.greetings.bye
വീണ്ടും കാണുംവരെ വിട..	smalltalk.greetings.bye
ഗുഡ് എവനിങ്ങ്	smalltalk.greetings.goodevening
ഗുഡിവനിങ്ങ്	smalltalk.greetings.goodevening
ഗുഡ് ഇവനിങ്ങ്	smalltalk.greetings.goodevening
ഗുഡ് ആഫ്റ്റര്‍ നൂണ്‍	smalltalk.greetings.goodevening
ഗുഡ് മോര്‍ണിങ്ങ്	smalltalk.greetings.goodmorning
ഗുഡ് മോണിങ്ങ്	smalltalk.greetings.goodmorning
സുപ്രഭാതം	smalltalk.greetings.goodmorning
ഹായ് സുപ്രഭാതം	smalltalk.greetings.goodmorning
മോണിങ്ങ്	smalltalk.greetings.goodmorning
ഗുഡ് നൈറ്റ്	smalltalk.greetings.goodnight
നൈറ്റ്	smalltalk.greetings.goodnight
ഗുഡ് നൈറ്റ് ഡാ	smalltalk.greetings.goodnight
ശുഭരാത്രി	smalltalk.greetings.goodnight
രാത്രി ശുഭ രാത്രി	smalltalk.greetings.goodnight
രാത്രി ശുഭരാത്രി	smalltalk.greetings.goodnight
ഹായ്	smalltalk.greetings.hello
ഹൈ	smalltalk.greetings.hello
ഹലോ	smalltalk.greetings.hello
ഹേയാ	smalltalk.greetings.hello
പൂയ്	smalltalk.greetings.hello
കൂയ്	smalltalk.greetings.hello
ആരുമില്ലേ ഇവിടെ	smalltalk.greetings.hello
ആരങ്കിലുമുണ്ടോ ഇവിടെ?	smalltalk.greetings.hello
ഹേയ്	smalltalk.greetings.hello
നമസ്കാരം	smalltalk.greetings.hello
ഡീ	smalltalk.greetings.hello
ടീ	smalltalk.greetings.hello
ഡാ	smalltalk.greetings.hello
ടാ	smalltalk.greetings.hello
ബോട്ടേ	smalltalk.greetings.hello
ഹേയ് ബോട്ടേ	smalltalk.greetings.hello
ഹായ് ഡാ	smalltalk.greetings.hello
ഹായ് ഡീ	smalltalk.greetings.hello
ഹാലോ	smalltalk.greetings.hello
ഹലോ ഡാ	smalltalk.greetings.hello
ഹലോ ടാ	smalltalk.greetings.hello
ഹലോ ടീ	smalltalk.greetings.hello
ഹലോ ഡീ	smalltalk.greetings.hello
അലോ	smalltalk.greetings.hello
അലോ അലോ	smalltalk.greetings.hello
ഹല ഹല	smalltalk.greetings.hello
സുഖമാണൊ?	smalltalk.greetings.how_are_you
സുഖമാണോ?	smalltalk.greetings.how_are_you
നിനക്ക് സുഖമാണോ?	smalltalk.greetings.how_are_you
നിനക്ക് എന്തുണ്ട്?	smalltalk.greetings.whatsup
എന്തുണ്ട് വിശേഷം	smalltalk.greetings.whatsup
വിശേഷമെന്തുണ്ട്	smalltalk.greetings.whatsup
സുഖമുണ്ടൊ?	smalltalk.greetings.how_are_you
എന്തൊക്കെയുണ്ട് വിശേഷം	smalltalk.greetings.whatsup
എങ്ങനെ പോകുന്നു	smalltalk.greetings.how_are_you
നന്നായി പോകുന്നോ?	smalltalk.greetings.how_are_you
എങ്ങനുണ്ട്?	smalltalk.greetings.how_are_you
എങ്ങനെപോകുന്നു	smalltalk.greetings.how_are_you
എങ്ങനെ പോകുന്നു?	smalltalk.greetings.how_are_you
നിനക്ക് എങ്ങനുണ്ട്?	smalltalk.greetings.how_are_you
സൗഖ്യം?	smalltalk.greetings.how_are_you
ഹൗ ഡു യൂ ഡു?	smalltalk.greetings.how_are_you
ഹലോ മാഡം. വെല്‍ക്കം റ്റു ഊട്ടി, നൈസ് ടു മീറ്റ് യൂ..	smalltalk.greetings.nice_to_meet_you
ഹലോ മാഡം. നൈസ് ടു മീറ്റ് യൂ..	Smalltalk.greetings.nice_to_meet_you
നൈസ് റ്റു മീറ്റ് യൂ	Smalltalk.greetings.nice_to_meet_you
നിന്നെ കണ്ടതില്‍ വല്യ സന്തോഷം	Smalltalk.greetings.nice_to_meet_you
കണ്ടതില്‍ വലിയ സന്തോഷം	Smalltalk.greetings.nice_to_meet_you
നിന്നെക്കണ്ടതില്‍ വല്യ സതോഷം	Smalltalk.greetings.nice_to_meet_you
കണ്ടതില്‍ വലിയ സന്തോഷമുണ്ട്	Smalltalk.greetings.nice_to_meet_you
കണ്ടല്ലോ, സന്തോഷം	Smalltalk.greetings.nice_to_meet_you
കണ്ടു.., ത്രിപ്തിയായി !	Smalltalk.greetings.nice_to_meet_you
കാണാന്‍ കഴിഞതില്‍ വല്യ സന്തോഷം	Smalltalk.greetings.nice_to_meet_you
നിന്നെ കണ്ടതില്‍ വല്യ സന്തോഷം	Smalltalk.greetings.nice_to_meet_you
നിന്നെ കണ്ടുമുട്ടിയതില്‍ ഞാന്‍ സന്തോഷിക്കുന്നു	Smalltalk.greetings.nice_to_meet_you
നിന്നോട് സമ്സാടിക്കാനായതില്‍ വല്യ സന്തോഷം	smalltalk.greetings.nice_to_talk_to_you
സമ്സാരിക്കാനായതില്‍ നല്ല സന്തോഷം	smalltalk.greetings.nice_to_talk_to_you
നിന്നോട് സമ്സാരിക്കാന്‍ ആയതില് നല്ല സന്തോഷം	smalltalk.greetings.nice_to_talk_to_you
സമ്സാരിക്കന് ആയതില്‍ വല്യ സന്തോഷം	smalltalk.greetings.nice_to_talk_to_you
സമ്സാരിക്കന്‍ കഴിഞല്ലോ, സന്തോഷം	smalltalk.greetings.nice_to_talk_to_you
നിന്നോട് സമ്സാരിക്കാനായതില്‍ വല്യ സന്തോഷമുണ്ട്..	Smalltalk.greetings.nice_to_talk_to_you
എനിക്ക് ദേഷ്യം വരുന്നുണ്ട്	smalltalk.user.angry
എനിക്ക് നല്ല ദേഷ്യം വരുന്നു	smalltalk.user.angry
ദേഷ്യം വരുന്നു	smalltalk.user.angry
ഡീ എനിക്ക് ദേഷ്യം വരുന്നു	smalltalk.user.angry
ഡാ എനിക്ക് ദേഷ്യമ് വരുന്നുണ്ട്	smalltalk.user.angry
എനിക്ക് ദേഷ്യം വരുന്നുണ്ട് കേട്ടോ	smalltalk.user.angry
ദേഷ്യം വരുന്നുണ്ടുകേട്ടോ	smalltalk.user.angry
എനിക്ക് പ്രാന്ത് പിടിക്കുന്നു	smalltalk.user.angry
എനിക്കുപ്രാന്തുപിടിക്കുന്നുണ്ട്	smalltalk.user.angry
എനിക്ക് പ്രാന്തുപിടിക്കുന്നുണ്ട്	smalltalk.user.angry
എനിക്ക് വട്ടു പിടിക്കുന്നു	smalltalk.user.angry
എനിക്ക് വട്ടായേ	smalltalk.user.angry
നല്ല പൊളിഞ്ഞുകേറുന്നുണ്ട്	smalltalk.user.angry
എനിക്ക് പൊളിഞ്ഞു കേറുന്നുണ്ട്	smalltalk.user.angry
എനിക്ക് നല്ല പൊലിയുന്നുണ്ട്	smalltalk.user.angry
എനിക്കുനല്ല പൊളിഞു കേറുന്നുണ്ട്	smalltalk.user.angry
പണ്ടാരം നല്ല പൊളിഞ്ഞുകേറുന്നുണ്ട്	smalltalk.user.angry
കലിപ്പ് സഹിക്കാനാകുന്നില്ല	smalltalk.user.angry
കലിച്ചുകേറുന്നുണ്ട്	smalltalk.user.angry
നക്ക കലിപ്പ് വരുന്നുണ്ട്	smalltalk.user.angry
തള്ളേ കലിപ്പ് തീരണില്ലല്ലാ	smalltalk.user.angry
നല്ല കലിപ്പ് വരുന്നുണ്ട്	smalltalk.user.angry
ശെരിക്കുമ് എനിക്ക് നല്ല ദേഷ്യമാകുന്നുണ്ട്	smalltalk.user.angry
ശെരിക്കും ദേഷ്യം വരുന്നുണ്ട്	smalltalk.user.angry
ഞാന്‍ എത്തി	smalltalk.user.back
ഞാന്‍ എത്തികേട്ടോ	smalltalk.user.back
ഞാന്‍ മടങ്ങിയത്തി	smalltalk.user.back
ഇതാ ഞാനെത്തി	smalltalk.user.back
ഹ ഹ ഞാന്‍ എത്തിപ്പോയി	smalltalk.user.back
ഞാനെത്തിപ്പോയ്	smalltalk.user.back
ഞാനെത്തിപ്പൊയി	smalltalk.user.back
ഞാന് തിരിച്ചെത്തി കേട്ടോ	smalltalk.user.back
ഞാന്‍ തിരിച്ചു വന്നു	smalltalk.user.back
ഞാന്‍ വന്നു	smalltalk.user.back
ഞാനിതാ വീണ്ടും എത്തിയിരിക്കുന്നു	smalltalk.user.back
ഞാനിതാ മടങ്ങിയെത്തിയിരിക്കുന്നു	smalltalk.user.back
ഞാന്‍ പിന്നേം വന്നു	smalltalk.user.back
ഞാന്‍ വീണ്ടും വന്നേ	smalltalk.user.back
ഞാന്‍ മടങ്ങിയെത്തി കേട്ടോ	smalltalk.user.back
എനിക്ക് ബോറടിക്കുന്നു.	smalltalk.user.bored
എനിക്ക് ബോറടിച്ചിട്ടൊരു രക്ഷയുമില്ല	smalltalk.user.bored
ആ ബോറടിക്കുന്നു	smalltalk.user.bored
ബോരടി	smalltalk.user.bored
ബോറടി	smalltalk.user.bored
ബോരടിക്കുന്നേ	smalltalk.user.bored
ബോറടിക്കുന്നേ	smalltalk.user.bored
ഓ ബോറടിക്കുന്നേ	smalltalk.user.bored
അയ്യോ ബോറട്ക്കുന്നു	smalltalk.user.bored
ഞാനിപ്പൊ ബോറടിച്ച് മരിക്കും	smalltalk.user.bored
ബോറടിച്ചിട്ടുവയ്യേ	smalltalk.user.bored
ബോറടിച്ചിട്ട് വയ്യായേ	smalltalk.user.bored
ബോറടിച്ചിട്ട് വയ്യേ	smalltalk.user.bored
ബോറടിക്കുന്നല്ലൊ	smalltalk.user.bored
ബോറടിക്കുന്നുണ്ട്	smalltalk.user.bored
എനിക്ക് ബോറടിക്കുന്നുണ്ട്	smalltalk.user.bored
എനിക്ക് ബോറാകുന്നുണ്ട് കേട്ടോ	smalltalk.user.bored
നീ ബോറായി വരുന്നു	smalltalk.user.bored
നീ ബോറായിത്തുടങ്ങി	smalltalk.user.bored
എനിക്ക് ബോരായിതുടങ്ങി	smalltalk.user.bored
എനിക്ക് ബോറായിത്തുടങ്ങി	smalltalk.user.bored
എനിക്ക് ബോറടിച്ചുതുടങ്ങി	smalltalk.user.bored
എനിക്ക് ബോറടിച്ചു തുടങ്ങി	smalltalk.user.bored
എന്തു ബോറാണ് നീ	smalltalk.user.bored
നീയെന്ത് ബോറാണ്	smalltalk.user.bored
ബോറ്	smalltalk.user.bored
ബോറ് ബോറേ..	smalltalk.user.bored
ഞാന്‍ ബിസിയാ	smalltalk.user.busy
ഞാന്‍ തിരക്കിലാണ്	smalltalk.user.busy
ഞാനിപ്പോ ബിസിയാണ്	smalltalk.user.busy
ഞാനിപ്പോ തിരക്കിലാ	smalltalk.user.busy
ഞാന്‍ വര്‍ക്കിലാണ്	smalltalk.user.busy
ഞാനിപ്പോ പണിയിലാണ്	smalltalk.user.busy
ഇപ്പോ പണിയിലാണ്	smalltalk.user.busy
ശല്യപ്പെടുത്തല്ലേ	smalltalk.user.busy
ഹാ ശല്യമുണ്ടാകാതെ	smalltalk.user.busy
ശല്യം ഉണ്ടാകാതെ പോ	smalltalk.user.busy
എനിക്ക് വേറേ പണിയുണ്ട്	smalltalk.user.busy
എനിക്കിപ്പോ പണിയുണ്ട്	smalltalk.user.busy
എനിക്ക് ഒത്തിരി പണി ഉണ്ട്	smalltalk.user.busy
എനിക്കൊത്തിരി പണിയുണ്ട്	smalltalk.user.busy
എനിക്കുവേറേ പണിയുണ്ട്	smalltalk.user.busy
എനിക്കൊത്തിരി ജോലിയുണ്ട്	smalltalk.user.busy
എനിക്കൊത്തിരി പണിയുണ്ട്	smalltalk.user.busy
എനിക്ക് കുറേ ജോലി തീര്‍കാനുണ്ട്	smalltalk.user.busy
എനിക്ക് വേറേ ജോലി ചെയ്യാന്‍ കിടക്കണ്	smalltalk.user.busy
എനിക്ക് പണിതീര്‍ക്കാന്‍ കിടക്കണ്	smalltalk.user.busy
ഹാ.. എനിക്ക് പണി കിടക്കണു	smalltalk.user.busy
പോടീ എനിക്കുവേറേ പണിയുണ്ട്	smalltalk.user.busy
ബിസി	smalltalk.user.busy
തിരക്കാ	smalltalk.user.busy
പണി പണി	smalltalk.user.busy
പണിയുണ്ടേ പണി	smalltalk.user.busy
പണ്ടാരം ഉറക്കം വന്നില്ലല്ലോ	smalltalk.user.can_not_sleep
പണ്ടാരം ഉരക്കം വരുന്നില്ല്	smalltalk.user.can_not_sleep
കൊപ്പ് ഉറങ്ങാനും പറ്റുന്നില്ല	smalltalk.user.can_not_sleep
ഉറക്കം വരുന്നില്ലെടീ	smalltalk.user.can_not_sleep
ഉറക്കം വരുന്നില്ലെടാ	smalltalk.user.can_not_sleep
ഉറക്കമില്ല	smalltalk.user.can_not_sleep
എനിക്കുറക്കമില്ല	smalltalk.user.can_not_sleep
എനിക്കിന്നുറക്കമില്ലെന്നുതൊന്നുന്നു	smalltalk.user.can_not_sleep
എനിക്കിന്ന് ഉറക്കമില്ലെന്ന് തോന്നുന്നു	smalltalk.user.can_not_sleep
ഉറക്കമില്ലാത്ത രാവുകള്‍	smalltalk.user.can_not_sleep
ടീ എനിക്ക് ഉറക്കം വരുന്നില്ല	smalltalk.user.can_not_sleep
എന്തോ എനിക്കുറങ്ങാന്‍ പറ്റണില്ല	smalltalk.user.can_not_sleep
എനിക്കുറങ്ങാന്‍ പറ്റുന്നില്ല	smalltalk.user.can_not_sleep
ഉറക്കം വരുന്നില്ല	smalltalk.user.can_not_sleep
ഷിറ്റ് ഉറക്കം വരണില്ല	smalltalk.user.can_not_sleep
എന്റെ ഉറക്കം പോയി	smalltalk.user.can_not_sleep
എന്റെയുറക്ക്ം പോയന്നു തോന്നുന്നു	smalltalk.user.can_not_sleep
ഉറക്കം പോയി, നാശം	smalltalk.user.can_not_sleep
നാശം ഉറക്കവുമ് വരണില്ല	smalltalk.user.can_not_sleep
ഞാനിന്ന് ഉറങ്ങുന്നില്ല	smalltalk.user.can_not_sleep
എന്തായാലും ഉരക്കം വരുന്നില്ല	smalltalk.user.can_not_sleep
എന്തായാലും ഉണ്ടായിരുന്ന ഉറക്കം പോയി	smalltalk.user.can_not_sleep
ആ.. അങ്ങനെ ഉറക്കം പോയി	smalltalk.user.can_not_sleep
ഇതെന്തു മറിമായം? ഉറക്കവും വരുന്നില്ലേ?	smalltalk.user.can_not_sleep
ഒറങ്ങാനും പറ്റണില്ല	smalltalk.user.can_not_sleep
എനിക്കൊറങ്ങാന്‍ പറ്റണുമില്ല	smalltalk.user.can_not_sleep
എനിക്കൊറക്കം വരുന്നില്ല	smalltalk.user.can_not_sleep
ഒറക്കം പൊയെന്ന് തോന്നുന്നു	smalltalk.user.can_not_sleep
എനിക്കിപ്പോ സംസാരിക്കന്‍ താല്പര്യമില്ല	smalltalk.user.does_not_want_to_talk
എനിക്ക് ഇപ്പോള്‍ സമ്സാരിക്കാന്‍ യാതൊരു തല്‍പര്യവും ഇല്ല	smalltalk.user.does_not_want_to_talk
എനിക്കിപ്പോ സംസാരിക്കാനൊരു താല്പര്യവുമില്ല	smalltalk.user.does_not_want_to_talk
സമ്സാരിക്കാന്‍ എനിക്കിപ്പോ ഒരു താല്പര്യവുമ് ഇല്ല	smalltalk.user.does_not_want_to_talk
എനിക്ക് നിന്നോട് ഇപ്പോള്‍ സമ്സാരിക്കാന്‍ വയ്യ.	smalltalk.user.does_not_want_to_talk
നിന്നൊടെനിക്ക് സംസാരിക്കന്‍ ഒരു തല്‍പര്യവുമില്ല	smalltalk.user.does_not_want_to_talk
നിന്നോടെനിക്ക് സംസാരിക്കണ്ട.	smalltalk.user.does_not_want_to_talk
നിന്നോട് എനിക്കിപ്പോ മിണ്ടാന്‍ സമയമില്ല.	smalltalk.user.does_not_want_to_talk
എനിക്കിപ്പോ നിന്നോട് മിണ്ടാന്‍ കഴിയില്ല.	smalltalk.user.does_not_want_to_talk
എനിക്ക് നിന്നോട് മിണ്ടാന്‍ തോന്നുന്നില്ല	smalltalk.user.does_not_want_to_talk
നിന്നോട് മിണ്ടാനിപ്പോളെനിക്ക് തോന്നുന്നില്ല.	smalltalk.user.does_not_want_to_talk
നിന്നോട് മിണ്ടാനിപ്പോ എനിക്ക് തോന്നുന്നില്ല	smalltalk.user.does_not_want_to_talk
നിന്നോടിപ്പോ മിണ്ടാന്‍ എനിക്കൊരു ആഗ്രഹവുമില്ല.	smalltalk.user.does_not_want_to_talk
ഞാന്‍ നിന്നോട് മിണ്ടില്ല	smalltalk.user.does_not_want_to_talk
നിന്നോട് മിണ്ടില്ല.	smalltalk.user.does_not_want_to_talk
ഞാന് ഇനി മിണ്ടില്ല	smalltalk.user.does_not_want_to_talk
ഇനി നിനോട് ഞാന് സമ്സാരിക്കില്ല.	smalltalk.user.does_not_want_to_talk
ഞാനിനി മിണ്ടില്ല	smalltalk.user.does_not_want_to_talk
ഞാനിനി സമ്സാരിക്കില്ല	smalltalk.user.does_not_want_to_talk
ഞാന്‍ സമ്സാരം നിര്‍ത്തി.	smalltalk.user.does_not_want_to_talk
ഇനിമുതല്‍ ഞാന്‍ നിന്നോട് മിണ്ടില്ല	smalltalk.user.does_not_want_to_talk
ഞാനിനി മിണ്ടില്ല	smalltalk.user.does_not_want_to_talk
ഞാനിനി സംസാരിക്കില്ല നിന്നോട്.	smalltalk.user.does_not_want_to_talk
ഇനി നമ്മള്‍ തമ്മില്‍ സമ്സാരിക്കില്ല	smalltalk.user.does_not_want_to_talk
ഇനി നമ്മള്‍തമ്മില്‍ മിണ്ടില്ല	smalltalk.user.does_not_want_to_talk
ഞാന്‍ നിന്നോടുള്ള സംസാരം നിര്ത്തി	smalltalk.user.does_not_want_to_talk
നിന്നോടുള്ള സംസാരം നിര്‍ത്തി ഞാന്‍..	smalltalk.user.does_not_want_to_talk
നിര്‍ത്തി ഞാന്‍ സംസാരം.	Smalltalk.user.does_not_want_to_talk
ഞാന്‍ എക്സൈറ്റഡ് ആണ്	smalltalk.user.excited
ഞാന്‍ വളരേ എക്സൈറ്റഡ് ആണു കേട്ടോ	smalltalk.user.excited
ഇന്ന് ഞാന് വല്യ എനര്‍ജറ്റിക്ക് ആണ്	smalltalk.user.excited
ഹ ഹ ഞാന്‍ ത്രില്ലടിച്ചിരിക്കുവാണ്	smalltalk.user.excited
എനിക്ക് ത്രില്ലടിക്കുന്നു	smalltalk.user.excited
വളരെ ത്രില്ലിലാണ് ഞാന്‍	smalltalk.user.excited
ഞാന്‍ വളരേ ത്രില്ലിലാണ്	smalltalk.user.excited
ഫീലിങ്ങ് എക്സൈറ്റഡ്	smalltalk.user.excited
അയാം ഫീലിങ്ങ് എക്സൈറ്റഡ്	smalltalk.user.excited
നിന്നോട് സംസാരിക്കാനുള്ള ത്രില്ലിലാണ് ഞാനിപ്പോ	smalltalk.user.excited
ഞാനിപ്പോ ഉരങ്ങാന്‍ പോകുന്നു	smalltalk.user.going_to_bed
ഞാന്‍ ഉറങ്ങാന്‍ പൊകുവാ	smalltalk.user.going_to_bed
ഞാന്‍ ഉറങ്ങാന്‍ പോകുന്നു	smalltalk.user.going_to_bed
ഞാന്‍ പോകുവാ ഉറങ്ങണം	smalltalk.user.going_to_bed
ഞാന്‍ പോകുന്നു ഉറക്കം വരുന്നുണ്ട്	smalltalk.user.going_to_bed
ഞാന്‍ പോട്ടേ. ഉറക്കം വരുന്നുണ്ട്..	smalltalk.user.going_to_bed
അപ്പോ ശരി, ഞാന്‍ പോകുന്നു. ഉരങ്ങാന്‍.	smalltalk.user.going_to_bed
എനിക്ക് ഉറക്കം വരണു..	smalltalk.user.going_to_bed
ഞാന്‍ ഉറങ്ങാന്‍ പോട്ടെ.. ബൈ.. ബൈ..	smalltalk.user.going_to_bed
ഞാന്‍ ഉറങ്ങാന്‍ പോകട്ടേ. നല്ല ക്ഷീണം.	smalltalk.user.going_to_bed
നല്ല ഉറക്ക ക്ഷീണം. എനിക്ക് ഉറങ്ങനം.	smalltalk.user.going_to_bed
ഉറക്കം വരുന്നേ..	smalltalk.user.going_to_bed
അപ്പോ നാളെക്കാണാം. ഉറങ്ങട്ടേ..	smalltalk.user.going_to_bed
ഞാന്‍ കിടക്കാന്‍ പോകുവാ. നല്ല് ഉറക്ക ക്ഷീണമുണ്ട്.	smalltalk.user.going_to_bed
നല്ല ക്ഷീണമുണ്ട്. ഉറക്കം വരുന്നു. ഞാനൊന്ന് കിടക്കട്ടേ..	smalltalk.user.going_to_bed
ഇതിവിടെ ഇരിക്കട്ടെ, ഞാനൊന്ന് കിടക്കട്ടെ.	smalltalk.user.going_to_bed
ഉറങ്ങണം. എനിക്കുറങ്ങണം.	smalltalk.user.going_to_bed
ഞാനുറങ്ങട്ടേ..	smalltalk.user.going_to_bed
അപ്പോ ശരി ശശിയേ. ഞാന്‍ പോകുന്നു. ഉറങ്ങാന്‍.	smalltalk.user.going_to_bed
ഞാന്‍ പോകുവാ ഉറങ്ങാന്‍.	smalltalk.user.going_to_bed
ഞാന്‍ കിടക്കാന്‍ പൊണ്.	smalltalk.user.going_to_bed
അപ്പോ ഞാന്‍ കിടക്കട്ടേ.	smalltalk.user.going_to_bed
ഞാനൊന്ന് മയങ്ങട്ടേ.	smalltalk.user.going_to_bed
നീയിവിടെ ഇരി. ഞാനൊന്ന് മയങ്ങട്ടെ.	smalltalk.user.going_to_bed
നീയിവിടെയിരി. ഞാനൊന്നുമയങ്ങട്ടെ.	smalltalk.user.going_to_bed
നീ ഇവിടെ ഇരി. ഞാന് ഒന്ന് കിടക്കട്ടെ.	smalltalk.user.going_to_bed
ബാ.. ഉറങ്ങാം.	smalltalk.user.going_to_bed
വാ, ഉറങ്ങാന്‍ പോകാം.	smalltalk.user.going_to_bed
നിനക്കുറങ്ങണ്ടെ? എനിക്കുറക്കം വരുന്നു.	smalltalk.user.going_to_bed
എനിക്ക് നല്ല ക്ഷീണം. ഞാന്‍ ഉറങ്ങട്ടെ.	smalltalk.user.going_to_bed
നല്ല ഉറക്കം വരുന്നുണ്ട്.	smalltalk.user.going_to_bed
കണ്ണില്‍ ഉറക്കം നറയുന്നു.	smalltalk.user.going_to_bed
അയ്യോ വയ്യേ, ഉറക്കം വരുന്നേ..	smalltalk.user.going_to_bed
എനിക്കു ഉറങ്ങാന്‍ സമയമായി.	smalltalk.user.going_to_bed
എനിക്കുകിടക്കാന്‍ സമയമായി.	smalltalk.user.going_to_bed
എനിക്കു കിടക്കാനുള്ള സമയമ് ആയി.	smalltalk.user.going_to_bed
എനിക്ക് കിടക്കാന്‍ സമയമായി.	smalltalk.user.going_to_bed
സമയാമായി ഉറങ്ങാണം.	smalltalk.user.going_to_bed
ഉരങ്ങാനുള്ള സമയം കഴിഞു.	Smalltalk.user.going_to_bed
നന്നായി പോകുന്നു	smalltalk.user.good
ഞാന്‍ നന്നായി പോകുന്നു.	smalltalk.user.good
കുഴപ്പമൊന്നുമില്ലാതെ പോകുന്നു.	smalltalk.user.good
അങ്ങനെ തട്ടീം മുട്ടീം പോകുന്നു	smalltalk.user.good
ഒരുവിധമ് വല്യ കുഴപ്പമൊന്നുമില്ലാതെ പോകുന്നു.	smalltalk.user.good
വല്യ തരക്കേടൊന്നുമില്ലതെ പോകുന്നു.	smalltalk.user.good
ജീവിതം വളരേ നന്നായി പോകുന്നു.	smalltalk.user.good
നന്നായിരിക്കുന്നു.	smalltalk.user.good
എനിക്ക് സുഖമായിരിക്കുന്നു.	smalltalk.user.good
ഞാന്‍ വളരെ സുഖമായി പോകുന്നു.	smalltalk.user.good
വളരെ നല്ലത്.	smalltalk.user.good
നല്ല സുഖം.	smalltalk.user.good
സുഖം.	smalltalk.user.good
സൌഖ്യം.	smalltalk.user.good
നല്ല സൗഖ്യം.	smalltalk.user.good
ഞാന്‍ നന്നായിരിക്കുന്നു.	smalltalk.user.good
എനിക്ക് സുഖം തന്നെ.	smalltalk.user.good
എനിക്കു സുഖാമാണ്.	smalltalk.user.good
എല്ലാം നന്നായിപ്പോകുന്നു.	smalltalk.user.good
എനിക്കെല്ലാം നന്നായി പോകുന്നു.	smalltalk.user.good
എല്ലാം നന്നായി പോകുന്നു.	smalltalk.user.good
സംഭവിച്ചതെല്ലം നല്ലതിന്, സംഭവിക്കാനിരിക്കുന്നതും നല്ലതിന്.	smalltalk.user.good
ഞാന്‍ സന്തോഷത്തിലാണ്	smalltalk.user.happy
സന്തോഷിപ്പിന്‍ അറുമാദിപ്പിന്‍.	smalltalk.user.happy
സന്തോഷം കൊണ്ടെനിക്ക് ഇരിക്കാന്‍ വയ്യേ..	smalltalk.user.happy
സന്തോഷംകൊണ്ടെനിക്കിരിക്കന്‍ വയ്യേ.	smalltalk.user.happy
സന്തോഷം കൊണ്ടെനിക്ക് ഇരിക്കാന്‍ വയ്യേ…	smalltalk.user.happy
ഞാന്‍ ഹാപ്പിയാണ്	smalltalk.user.happy
ഞാന്‍ വളരേ ഹാപ്പിയാണ്	smalltalk.user.happy
ഇന്ന് ഞാന്‍ നല്ല ഹാപ്പിയാണ് കേട്ടോ	smalltalk.user.happy
ഡീ ഞാന്‍ ഇന്ന് നല്ല ഹപ്പിയാണ്	smalltalk.user.happy
ഇന്നെനിക്ക് നല്ല മൂഡാണ്	smalltalk.user.happy
നല്ല ഹപ്പിയാണിപ്പോ ഞാന്‍	smalltalk.user.happy
വല്യ സന്തോഷത്തിലാണ് ഞാനിപ്പോ	smalltalk.user.happy
അയാം ഹാപ്പി	smalltalk.user.happy
ഫീലിങ്ങ് ഹാപ്പി	smalltalk.user.happy
എനിക്കിന്ന് നല്ല സന്തോഷമുണ്ട്	smalltalk.user.happy
ഇന്നെന്റെ പിരന്നാളാ	smalltalk.user.has_birthday
ഇന്നെന്റെ പിറന്നാളാ	smalltalk.user.has_birthday
ഇന്ന് എന്റെ പിറന്നാളാ	smalltalk.user.has_birthday
ഇന്ന് എന്റെ പിറന്നാളാണുകേട്ടോ	smalltalk.user.has_birthday
ഇന്നെന്റെ പിറന്നാളാണ് കേട്ടോ	smalltalk.user.has_birthday
കേട്ടോ ഇന്ന് എന്റെ പിറന്നാള് അണ്	smalltalk.user.has_birthday
ഡാ ഇന്ന് എന്റെ പിറനാളാ	smalltalk.user.has_birthday
ഡീ ഇന്ന് എന്റെ പിറന്നാള് ആകുന്നു	smalltalk.user.has_birthday
ഇന്ന് എന്റെ ബര്‍ത്ത്ഡേ ആണ്. ഏന്താ നീ തരിക?	smalltalk.user.has_birthday
എന്റെ പിറന്നാളാണിന്ന്. എനിക്ക് ഗിഫ്റ്റ് വേണം	smalltalk.user.has_birthday
എന്റെ പിറന്നാളിന് എന്ത് ഗിഫ്ട് തരും?	smalltalk.user.has_birthday
ഇന്നെന്റെ പിറനാളാണല്ലോ	smalltalk.user.has_birthday
എന്റെ ബര്‍ത്ത്ഡേ ഇന്നാണേ	smalltalk.user.has_birthday
ഇന്നെന്റെ ബര്‍ത്ത്ഡേ ആണുകേട്ടോ	smalltalk.user.has_birthday
ഞാനിന്ന് എന്റെ ബര്‍ത്ത്ഡേ ആഖോഷിക്കുവാ	smalltalk.user.has_birthday
ഇന്നുഞാന്‍ എന്റെ ബര്‍ത്ത്ഡേ ആഘോഷിക്കുവാ	smalltalk.user.has_birthday
ഇന്ന് എന്റെ പിറന്നാള്‍ ആഘോഷമാണ്	smalltalk.user.has_birthday
എന്റെ പിരനാളാരുന്നു	smalltalk.user.has_birthday
ഇന്നെന്റെ പിറന്നാളാഘോഷമാരുന്നു	smalltalk.user.has_birthday
ഇന്ന് ഞാനെന്റെ ബര്‍ത്ത്ഡേ ആഖോഷിച്ച്	smalltalk.user.has_birthday
എന്റെ ബര്‍ത്ത്ഡേയാ	smalltalk.user.has_birthday
എന്റെ പിറന്നാളാ	smalltalk.user.has_birthday
ഞാനിവിടുണ്ടേ	smalltalk.user.here
ഞാനിവിടെ ഉണ്ട്	smalltalk.user.here
ഞാന്‍ ഇവിടെ ഉണ്ട്	smalltalk.user.here
ഞാന് ഇവിടെയുണ്ട്	smalltalk.user.here
ഞാനിവിടെയുണ്ട് കേട്ടോ	smalltalk.user.here
ഞാനിവിടെയുണ്ടുകേട്ടോ	smalltalk.user.here
ഞാന് ഇവിടെത്തന്നെ ഉണ്ട്	smalltalk.user.here
ഇവിടെയുണ്ടു ഞാന്‍	smalltalk.user.here
ഇവിടെ ഉണ്ട് ഞാന്‍	smalltalk.user.here
ഞാന്‍ കേള്ക്കുന്നൂണ്ട്	smalltalk.user.here
തമാശ പറഞതല്ലേ	smalltalk.user.joking
തമാശപറഞ്ഞതാണേ	smalltalk.user.joking
തമാശ പറഞത് ആണേ	smalltalk.user.joking
തമാശ പരഞതാണേ	smalltalk.user.joking
ഞാനൊരു തമാശ പറഞ്ഞതാ	smalltalk.user.joking
അതൊരു തമാശയാണ്	smalltalk.user.joking
ഒരു ചെറിയ തമാശ ഞാന് പറഞതാ	smalltalk.user.joking
ഞാന്‍ ഒരു വളിപ്പ് പറഞതാലേ	smalltalk.user.joking
ഞാനൊരു വളിപ്പുപറഞതാ	smalltalk.user.joking
ഞാനൊരു വളിപ്പു പരഞതാണെ	smalltalk.user.joking
ഒരു കോമടി പറഞ്ഞതാ	smalltalk.user.joking
അതൊരു കോമടി പറഞതല്ലേ	smalltalk.user.joking
എനിക്ക് നിന്നെ ഇഷ്ടമാണ്	smalltalk.user.likes_agent
നിന്നെ എനിക്ക് വളരെ ഇഷ്ടമാണ്	smalltalk.user.likes_agent
എനിക്കുനിന്നെ ഇഷ്ടപ്പെട്ടു	smalltalk.user.likes_agent
നിന്നെയെനിക്ക് ഇഷ്ടമാണ്	smalltalk.user.likes_agent
ഇഷ്ടമാണ്, ഒരുപാട്	smalltalk.user.likes_agent
ഞാന്‍ നിന്നെ സ്നേഹിക്കുന്നു	smalltalk.user.likes_agent
ഞാന്‍ നിന്നെ സ്നേഹിക്കുന്നു മാന്‍കിടാവേ	smalltalk.user.likes_agent
ഇഷ്ടപ്പെട്ടു. ഒരുപാട്, ജീവനോളം.	smalltalk.user.likes_agent
നിന്നെയെനിക്ക് വല്യ ഇഷ്ടമാണ്	smalltalk.user.likes_agent
നിന്നോടുള്ള സ്നേഹം വലുതാണ്	smalltalk.user.likes_agent
പക്ഷേ സ്ടില്‍ ഐ ലൈക്ക് യൂ	smalltalk.user.likes_agent
ഐ ലൈക്ക് യൂ	smalltalk.user.likes_agent
നീഓട് എനിക്ക് സ്നേഹമാണ്	smalltalk.user.likes_agent
ഡീ നിന്നെ എനിക്ക് ഇഷ്ടമാണ്	smalltalk.user.likes_agent
ഡീ നിന്നെ എനിക്കു ഇഷ്ടപ്പെട്ട്	smalltalk.user.likes_agent
ഡീ നിന്നെ എനിക്കിഷ്ടപ്പെട്ടു	smalltalk.user.likes_agent
ഡാ നിന്നെയെനിക്ക് ഇഷ്ടമാണ്	smalltalk.user.likes_agent
ഇഷ്ടമാണെടീ നിന്നെ	smalltalk.user.likes_agent
ഇഷ്ടമാണെടാ നിന്നെ	smalltalk.user.likes_agent
വല്യ സ്നേഹമാണ് എനിക്ക് നിന്നോട്	smalltalk.user.likes_agent
വല്യ ഇഷ്ടമാണ് എനിക്ക് നിന്നൊട്	smalltalk.user.likes_agent
നീ കൊള്ളാം, എനിക്ക് ഇഷ്ടപ്പെട്ടു.	Smalltalk.user.likes_agent
നീയെനിക്ക് പ്രിയങ്കരിയാണ്	smalltalk.user.likes_agent
നീയെനിക്ക് പ്രിയങ്കരി ആണ്	smalltalk.user.likes_agent
എനിക്കുനീ പരിയങ്കരന്‍ ആകുന്നു	smalltalk.user.likes_agent
എനിക്ക് നീ പ്രിയങ്കരന്‍ ആണല്ലൊ	smalltalk.user.likes_agent
ഞാന്‍ ഒറ്റയ്കാണ്	smalltalk.user.lonely
ഞാന്‍ ഒറ്റക്കാണ്	smalltalk.user.lonely
എനിക്കാരുമില്ല	smalltalk.user.lonely
എനിക്ക് ആരുമില്ല	smalltalk.user.lonely
ഞാന്‍ ഏകനാണ്	smalltalk.user.lonely
ഞാന്‍ ഏകയാണ്	smalltalk.user.lonely
എനിക്ക് ഫ്രണ്ട്സ് ഇല്ല	smalltalk.user.lonely
ഞാന്‍ ഒറ്റപ്പെട്ടു	smalltalk.user.lonely
ഒറ്റപ്പെട്ടപോലെ തോന്നു	smalltalk.user.lonely
ഒറ്റയ്ക്കായ പോലെ തോന്നുന്നു	smalltalk.user.lonely
ഒരു ഒറ്റപ്പെട്ട ഫീലിങ്ങ്	smalltalk.user.lonely
ഒറ്റപ്പെട്ടതു പൊലെ	smalltalk.user.lonely
എന്നെക്കാണാന്‍ എങ്ങനുണ്ട്?	smalltalk.user.looks_like
എന്നെക്കാണാന്‍ എങ്ങനെയാണെന്നാണ് നീ വിജാരിക്കുന്നത്?	smalltalk.user.looks_like
ഐ ലവ് യൂ	smalltalk.user.loves_agent
ഐ ലവ്യൂ	smalltalk.user.loves_agent
ഡീ ഐ ലവ് യൂ	smalltalk.user.loves_agent
ഡാ ഐ ലവ്യൂ	smalltalk.user.loves_agent
ഹായ്, ഐ ലവ് യൂ	smalltalk.user.loves_agent
ഞാന്‍ നിന്നെ പ്രേമിക്കുന്നു	smalltalk.user.loves_agent
എനിക്ക് നിന്നോട് കട്ട പ്രേമമാണ്	smalltalk.user.loves_agent
നിന്നോടെനിക്ക് പ്രേമമാണ്	smalltalk.user.loves_agent
ലവ്യൂ ഡിയര്‍	smalltalk.user.loves_agent
ഡീ എനിക്ക് നിന്നോട് പ്രേമമാണ്	smalltalk.user.loves_agent
ഐ മിസ്സ് യൂ	smalltalk.user.misses_agent
ഐ മിസ് യൂ	smalltalk.user.misses_agent
ഐ മിസ്യൂ	smalltalk.user.misses_agent
മിസ്സ് യൂ	smalltalk.user.misses_agent
ഞാന്‍ നിന്നെ മിസ്സ് ചെയ്യുന്നു	smalltalk.user.misses_agent
നിന്നെ ഒരുപാട് മിസ്സ് ചെയ്യുന്നു	smalltalk.user.misses_agent
നിനക്ക് എന്തെങ്കിലും  സഹായം വേണോ?	smalltalk.user.needs_advice
നിനക്ക്എന്തെങ്കിലും സഹായം വേണോ?	smalltalk.user.needs_advice
നിനക്കെന്തെങ്കിലുംസഹായംവേണോ?	smalltalk.user.needs_advice
നിനക്ക് ഉപദേശം വേണോ?	smalltalk.user.needs_advice
നിനക്ക്ഉപദേശം വേണോ?	smalltalk.user.needs_advice
നിനക്ക്ഉപദേശംവേണോ?	smalltalk.user.needs_advice
ഉപദേശം വേണോ നിനക്ക്?	smalltalk.user.needs_advice
ഉപദേശംവേണോനിനക്ക്?	smalltalk.user.needs_advice
ഉപദേശംവേണോ നിനക്ക്?	smalltalk.user.needs_advice
നിനക്ക് എന്താണ് വേണ്ടത്?	smalltalk.user.needs_advice
നിനക്ക് എന്താ വേണ്ടേ?	smalltalk.user.needs_advice
എന്ത് വേണം നിനക്ക്?	smalltalk.user.needs_advice
നിനക്ക് സങ്കടം വരുന്നുണ്ടോ?	smalltalk.user.sad
എന്താ ഇത്ര സങ്കടം?	smalltalk.user.sad
സങ്കടം ആണോ? എന്താ ഇത്ര വിഷമം?	smalltalk.user.sad
നിനക്ക് സങ്കടം വരുന്നുണ്ടോ?	smalltalk.user.sad
നിനക്ക്സങ്കടം വരുന്നുണ്ടോ?	smalltalk.user.sad
നിനക്ക് സങ്കടംവരുന്നുണ്ടോ?	smalltalk.user.sad
എന്താ ഇത്ര സങ്കടം?	smalltalk.user.sad
എന്തായിത്ര സങ്കടം?	smalltalk.user.sad
സങ്കടം ആണോ?	smalltalk.user.sad
സങ്കടമാണോ?	smalltalk.user.sad
എന്താ ഇത്ര വിഷമം?	smalltalk.user.sad
എന്തായിത്ര വിഷമം?	smalltalk.user.sad
നിനക്ക് കരച്ചിൽ വരുന്നുണ്ടോ?	smalltalk.user.sad
നിനക്ക്കരച്ചിൽ വരുന്നുണ്ടോ?	smalltalk.user.sad
നിനക്ക്കരച്ചിൽവരുന്നുണ്ടോ?	smalltalk.user.sad
നിനക്ക് കരയണോ?	smalltalk.user.sad
നിനക്ക്കരയണോ?	smalltalk.user.sad
കരയണോ നിനക്ക്?	smalltalk.user.sad
കരയണോനിനക്ക്?	smalltalk.user.sad
സങ്കടപ്പെട്ടിരിക്കുവാണോ?	smalltalk.user.sad
സങ്കടപ്പെട്ട് ഇരിക്കുവാണോ?	Smalltalk.user.sad
നിനക്ക് ഉറക്കം വരുന്നുണ്ടോ?	smalltalk.user.sleepy
നിനക്കുറക്കം വരുന്നുണ്ടോ?	smalltalk.user.sleepy
നിനക്കുറക്കംവരുന്നുണ്ടോ?	smalltalk.user.sleepy
നീ ഒരു ഉറക്ക കാരൻ ആണല്ലോ?	smalltalk.user.sleepy
നീയൊരു ഉറക്ക കാരൻ ആണോ?	smalltalk.user.sleepy
നീയൊരു ഉറക്കക്കാരൻ ആണോ?	smalltalk.user.sleepy
നീയൊരുഉറക്കക്കാരൻ ആണോ?	smalltalk.user.sleepy
നീയൊരു ഉറക്ക കാരൻ തന്നെ?	smalltalk.user.sleepy
നീയൊരുഉറക്ക കാരൻ തന്നെ?	smalltalk.user.sleepy
നീയൊരുഉറക്കക്കാരൻതന്ന?	Smalltalk.user.sleepy
എന്താ നിനക്ക് ഇത്ര ഉറക്കം?	Smalltalk.user.sleepy
എന്താനിനക്ക് ഇത്ര ഉറക്കം?	Smalltalk.user.sleepy
എന്താനിനക്കിത്രഉറക്കം?	Smalltalk.user.sleepy
നീ ഉറങ്ങിയോ?	Smalltalk.user.sleepy
നീയുറങ്ങിയോ?	Smalltalk.user.sleepy
നീ ഉറങ്ങിപ്പോയോ?	Smalltalk.user.sleepy
നീഉറങ്ങിപ്പോയോ?	Smalltalk.user.sleepy
നീ മയങ്ങി പോയോ?	Smalltalk.user.sleepy
നീമയങ്ങി പോയോ?	Smalltalk.user.sleepy
നീമയങ്ങിപോയോ?	Smalltalk.user.sleepy
നീ മയക്കത്തിൽ ആണോ?	Smalltalk.user.sleepy
നീമയക്കത്തിൽ ആണോ?	Smalltalk.user.sleepy
നീമയക്കത്തിൽആണോ?	Smalltalk.user.sleepy
നിമയക്കത്തിൽ ആണോ?	Smalltalk.user.sleepy
നീമയക്കത്തിലാണോ?	Smalltalk.user.sleepy
നീ മയങ്ങുവാണോ?	Smalltalk.user.sleepy
നീമയങ്ങുവാണോ?	Smalltalk.user.sleepy
മയങ്ങുവാണോ നീ?	Smalltalk.user.sleepy
മയങ്ങുവാണോനീ?	Smalltalk.user.sleepy
നീ ക്ഷീണിച്ചിരിക്കുവാണോ?	smalltalk.user.tired
നീ ക്ഷിണിച്ചു ഇരിക്കുവാനോ?	smalltalk.user.tired
നീക്ഷീണിച്ചിരിക്കുവാണോ?	smalltalk.user.tired
നിനക്ക് ക്ഷീണം ആണോ?	smalltalk.user.tired
നിനക്ക്ക്ഷീണം ആണോ?	smalltalk.user.tired
നിനക്ക് ക്ഷിണമാണോ?	smalltalk.user.tired
നീ ക്ഷീണിച്ചോ?	smalltalk.user.tired
നീക്ഷീണിച്ചോ?	smalltalk.user.tired
നീ തളർന്ന് ഇരിക്കുവാണോ?	smalltalk.user.tired
നീതളർന്നു ഇരിക്കുവാണോ?	smalltalk.user.tired
നീ തളർന്നിരിക്കുവാണോ?	smalltalk.user.tired
നീതളർന്നിരിക്കുവാനോ?	smalltalk.user.tired
നിനക്ക് എന്താ ഇത്ര തളർച്ച?	smalltalk.user.tired
നിനക്കെന്താ ഇത്രതളർച്ച?	smalltalk.user.tired
നിനക്കെന്താഇത്രതളർച്ച?	smalltalk.user.tired
നിനക്കെന്താ ഇത്ര തളർച്ച?	smalltalk.user.tired
ഞാനിപ്പോ വരാം	smalltalk.user.will_be_back
ഇപ്പോ വരാവേ	smalltalk.user.will_be_back
ഞാനിപ്പോത്തന്നെ വരാം	smalltalk.user.will_be_back
ഒരു സെക്കന്റ്	smalltalk.user.will_be_back
ഒരു മിനിട്ടേ	smalltalk.user.will_be_back
ഒരു മിനിട്ടേ, ഞാനിപ്പോ വരാം.	smalltalk.user.will_be_back
ഞാന്രു പത്തുമിനുട്ടിനുള്ളില്‍ വരാം	smalltalk.user.will_be_back
ഒരു പത്തുമിനുട്ടിനുള്ളില്‍ ഞാന്‍ എത്താം	smalltalk.user.will_be_back
ഇപ്പോ വരാവേ	smalltalk.user.will_be_back
ഇപ്പോ വരാമേ..	smalltalk.user.will_be_back
ഒന്ന് വെയിറ്റ് ചെയ്യണേ	smalltalk.user.will_be_back
പ്ലീസ് ഒന്ന് വെയിറ്റ് ചെയ്യൂ	smalltalk.user.will_be_back
ഒന്ന് വെയിറ്റ് ചെയ്യ്	smalltalk.user.will_be_back
ദേ വരുന്നു	smalltalk.user.will_be_back
ഞാന്‍ ദേ വരുന്നു	smalltalk.user.will_be_back
ദേ ഇപ്പോ വരാമേ	smalltalk.user.will_be_back
ഒരു 30 മിനിട്റ്റ്	 smalltalk.user.will_be_back
15 മിനിട്റ്റ് കഴിയുമ്ബോ വരാം	smalltalk.user.will_be_back
നീയിവിടെ ഇരിക്ക്, ഞാനിപ്പോ വരാം	smalltalk.user.will_be_back
ഇവിടെയിരി, ഞാന്‍ ദേ വരുന്നു	smalltalk.user.will_be_back
ഇവിടെയിരിക്ക്, ഞാനിപ്പോവരാം.	smalltalk.user.will_be_back
പോവല്ലേ, ഞാനിപ്പോ വരാമ്.	smalltalk.user.will_be_back
ടീ ഞാനിപ്പോ വരാം..	smalltalk.user.will_be_back
ഡീ ഞാന്‍ ദേ വരുന്നു.	smalltalk.user.will_be_back
ഡാ.. ഞാനിപ്പോ വരാം കേട്ടോ..	smalltalk.user.will_be_back
ദേ ഞാനിപ്പോ എത്തിയേക്കാം.	smalltalk.user.will_be_back
കുറച്ചുകഴിഞ്ഞ് ഞാന്‍ വരാം.	smalltalk.user.will_be_back
ഞാന്‍ ദേ കുറച്ച് കഴിഞ്ഞ് എത്താം.	smalltalk.user.will_be_back
പിന്നെക്കാണാം.	smalltalk.user.will_be_back
അല്പം കഴിഞ്ഞു് കാണാം.	smalltalk.user.will_be_back
ഒരു പത്തു മിനിട്ടേ..	smalltalk.user.will_be_back
ഒരു പതിനഞ്ച് മിനിട്ടേ..	smalltalk.user.will_be_back